"审核状态","来源Blog标题","来源Blog URL","正文板块","建议锚文本（正文原词）","锚文本类型","原文上下文","建议目标Case标题","建议目标Case URL","相关度","匹配依据","正文已链接该目标"
"已应用","5 Common Packaging Problems Pharmaceutical Companies Face and How Automation Solves Them","https://13asrs.com/blog/5-common-packaging-problems-pharmaceutical-companies-face-and-how-automation-solves-them/","Summary","packaging automation","关键词组","...ity. In this guide, we examine five of the most common pharmaceutical packaging problems and explain how packaging automation systems help solve them.","Complete Cartoning & Case Packing Line for Pharmaceutical, Beauty, Health & Daily Care Industries","https://13asrs.com/case/complete-cartoning-case-packing-line-for-pharmaceutical-beauty-health-daily-care-industries/","中","正文原词与该案例的设备、行业或应用场景直接对应。","是（由批准映射注入）"
"已应用","5 Key Steps to Successfully Implement an Automated Motor Assembly Line in Your Factory","https://13asrs.com/blog/5-key-steps-to-successfully-implement-an-automated-motor-assembly-line-in-your-factory/","Summary","automated motor assembly line","长尾词/短句","Implementing an automated motor assembly line is one of the most significant capital investments a manufacturing operation can make—and one of the mos...","Fully Automated Motor Assembly Line – Complete Industrial Case Study","https://13asrs.com/case/fully-automated-motor-assembly-line-complete-industrial-case-study/","高","正文中发现 3 个与该案例主题一致的表达，优先选取最具体的一处。","是（由批准映射注入）"
"已应用","5 Major Warehouse Problems That ASRS Automation Solves in Large Logistics Centers","https://13asrs.com/blog/5-major-warehouse-problems-that-asrs-automation-solves-in-large-logistics-centers/","Summary","ASRS automation","关键词组","...y under these conditions. This article explains the five most critical warehouse problems and how modern ASRS automation systems (including ACR + AMR architectures) solve each of them at a system level.","ASRS Warehouse Industry Applications Case Study | How Manufacturing, E-commerce, Pharma & Food Industries Benefit from Automated Storage Systems","https://13asrs.com/case/asrs-warehouse-industry-applications-case-study-how-manufacturing-e-commerce-pharma-food-industries-benefit-from-automated-storage-systems/","高","正文原词与该案例的设备、行业或应用场景直接对应。","是（由批准映射注入）"
"已应用","5 Warehouse Bottlenecks That an Integrated ASRS System Can Eliminate","https://13asrs.com/blog/5-warehouse-bottlenecks-that-an-integrated-asrs-system-can-eliminate/","Results & ROI","integrated ASRS system","关键词组","...ether they create a fully optimized warehouse. 3. Typical Operational Improvements After implementing an integrated ASRS system companies commonly experience: • Warehouse throughput increased by up to 300% • Forklift traffic reduced...","Complete ASRS Workflow Case Study | AMR + RGV + Stacker Crane Integrated Warehouse Automation System","https://13asrs.com/case/complete-asrs-workflow-case-study-amr-rgv-stacker-crane-integrated-warehouse-automation-system/","高","正文原词与该案例的设备、行业或应用场景直接对应。","是（由批准映射注入）"
"已应用","ACR vs AMR vs Stacker Crane: Which Warehouse Automation System Is Best?","https://13asrs.com/blog/acr-vs-amr-vs-stacker-crane-which-warehouse-automation-system-is-best/","Challenge","warehouse automation system","关键词组","Most companies struggle to choose the right warehouse automation system because each technology appears to solve similar problems. However, selecting the wrong system can lead...","ASRS Warehouse Industry Applications Case Study | How Manufacturing, E-commerce, Pharma & Food Industries Benefit from Automated Storage Systems","https://13asrs.com/case/asrs-warehouse-industry-applications-case-study-how-manufacturing-e-commerce-pharma-food-industries-benefit-from-automated-storage-systems/","高","正文中发现 2 个与该案例主题一致的表达，优先选取最具体的一处。","是（由批准映射注入）"
"已应用","ACR vs AMR vs Stacker Crane: Which Warehouse Automation System Is Best?","https://13asrs.com/blog/acr-vs-amr-vs-stacker-crane-which-warehouse-automation-system-is-best/","Body","33 ACR + 18 AMR","长尾词/短句","...gher scalability Better ROI performance 👉 This hybrid architecture is used in advanced systems like the 33 ACR + 18 AMR mega warehouse case. Implementation & Workflow Phase 1: Requirement Analysis (2–3 weeks) SKU structure e...","536 Bins/Hour Mega Warehouse Automation Case | 33 ACR + 18 AMR Intelligent ASRS System","https://13asrs.com/case/536-bins-hour-mega-warehouse-automation-case-33-acr-18-amr-intelligent-asrs-system/","高","正文原词与该案例的设备、行业或应用场景直接对应。","是（由批准映射注入）"
"已应用","Aluminum Extrusion Line Upgrade Guide: How to Modernize Old Production Lines Without Full Replacement","https://13asrs.com/blog/aluminum-extrusion-line-upgrade-guide-how-to-modernize-old-production-lines-without-full-replacement/","Body","aluminum extrusion line","关键词组","...alable upgrade path for future expansion Higher ROI compared to full replacement Conclusion Upgrading an aluminum extrusion line does not require full system replacement. With the right retrofit strategy, factories can gradually tran...","Aluminum Profile Extrusion Production Line Case Study | Fully Automated Smart Manufacturing System for Industrial Aluminum Processing","https://13asrs.com/case/aluminum-profile-extrusion-production-line-case-study-fully-automated-smart-manufacturing-system-for-industrial-aluminum-processing/","高","正文原词与该案例的设备、行业或应用场景直接对应。","是（由批准映射注入）"
"已应用","AMR Fleet Management System: How 108 Robots Are Coordinated in Real-Time","https://13asrs.com/blog/amr-fleet-management-system-how-108-robots-are-coordinated-in-real-time/","Summary","AMR fleet management system","长尾词/短句","This article explains how an AMR fleet management system coordinates 108 autonomous mobile robots in real time within a large-scale ASRS warehouse, using AI-base...","Can 108 AMRs + 46 ACRs Replace Manual Picking? High-Density ASRS Automation Case Study","https://13asrs.com/case/can-108-amrs-46-acrs-replace-manual-picking-high-density-asrs-automation-case-study/","高","正文原词与该案例的设备、行业或应用场景直接对应。","是（由批准映射注入）"
"已应用","AMR vs ACR in ASRS Systems: Which Robot Type Improves Warehouse Efficiency More?","https://13asrs.com/blog/amr-vs-acr-in-asrs-systems-which-robot-type-improves-warehouse-efficiency-more/","Summary","ASRS warehouse systems","关键词组","This article compares AMR (Autonomous Mobile Robots) and ACR (Automated Case-handling Robots) in modern ASRS warehouse systems, and explains how their hybrid deployment in large-scale systems such as 108 AMR + 46 ACR architectures...","ASRS Warehouse Industry Applications Case Study | How Manufacturing, E-commerce, Pharma & Food Industries Benefit from Automated Storage Systems","https://13asrs.com/case/asrs-warehouse-industry-applications-case-study-how-manufacturing-e-commerce-pharma-food-industries-benefit-from-automated-storage-systems/","高","正文中发现 2 个与该案例主题一致的表达，优先选取最具体的一处。","是（由批准映射注入）"
"已应用","AMR vs RGV vs Stacker Crane: What Does Each Robot Actually Do in an Automated Warehouse?","https://13asrs.com/blog/amr-vs-rgv-vs-stacker-crane-what-does-each-robot-actually-do-in-an-automated-warehouse/","Summary","ASRS systems","关键词组","...ly discussed solutions are Autonomous Mobile Robots (AMR), Rail Guided Vehicles (RGV), and Stacker Crane ASRS systems. While all three are designed to automate material movement, they perform fundamentally different roles...","ASRS Warehouse Industry Applications Case Study | How Manufacturing, E-commerce, Pharma & Food Industries Benefit from Automated Storage Systems","https://13asrs.com/case/asrs-warehouse-industry-applications-case-study-how-manufacturing-e-commerce-pharma-food-industries-benefit-from-automated-storage-systems/","中","正文原词与该案例的设备、行业或应用场景直接对应。","是（由批准映射注入）"
"已应用","ASRS vs Traditional Warehouse Systems: Cost, ROI, and Performance Comparison for Industrial Buyers","https://13asrs.com/blog/asrs-vs-traditional-warehouse-systems-cost-roi-and-performance-comparison-for-industrial-buyers/","Summary","Automated Storage and Retrieval Systems","长尾词/短句","...bor, forklifts, and static shelving structures, which limit efficiency, scalability, and accuracy. ASRS (Automated Storage and Retrieval Systems) introduces a fully automated, data-driven warehouse architecture that significantly improves storage de...","ASRS Warehouse Industry Applications Case Study | How Manufacturing, E-commerce, Pharma & Food Industries Benefit from Automated Storage Systems","https://13asrs.com/case/asrs-warehouse-industry-applications-case-study-how-manufacturing-e-commerce-pharma-food-industries-benefit-from-automated-storage-systems/","高","正文中发现 2 个与该案例主题一致的表达，优先选取最具体的一处。","是（由批准映射注入）"
"已应用","ASRS Warehouse Cost Breakdown: How Much Does a 108 AMR + 46 ACR System Really Cost?","https://13asrs.com/blog/asrs-warehouse-cost-breakdown-how-much-does-a-108-amr-46-acr-system-really-cost/","Body","ASRS warehouse systems","关键词组","Project Overview 12.1 ASRS warehouse systems require multi-layer investment planning 12.2 Cost depends on automation depth and warehouse scale 12.3 A...","ASRS Warehouse Industry Applications Case Study | How Manufacturing, E-commerce, Pharma & Food Industries Benefit from Automated Storage Systems","https://13asrs.com/case/asrs-warehouse-industry-applications-case-study-how-manufacturing-e-commerce-pharma-food-industries-benefit-from-automated-storage-systems/","高","正文中发现 3 个与该案例主题一致的表达，优先选取最具体的一处。","是（由批准映射注入）"
"已应用","ASRS Warehouse Cost Breakdown: How Much Does a 108 AMR + 46 ACR System Really Cost?","https://13asrs.com/blog/asrs-warehouse-cost-breakdown-how-much-does-a-108-amr-46-acr-system-really-cost/","Summary","108 AMRs","关键词组","This article provides a detailed cost breakdown of a large-scale ASRS warehouse system using 108 AMRs and 46 ACR robots, explaining total investment range ($800K–$3M+), system components, and ROI structure...","Can 108 AMRs + 46 ACRs Replace Manual Picking? High-Density ASRS Automation Case Study","https://13asrs.com/case/can-108-amrs-46-acrs-replace-manual-picking-high-density-asrs-automation-case-study/","中","正文原词与该案例的设备、行业或应用场景直接对应。","是（由批准映射注入）"
"已应用","ASRS Warehouse Design Guide 2026: How AI Scheduling Systems Improve 1,000+ Operations Per Hour Efficiency","https://13asrs.com/blog/asrs-warehouse-design-guide-2026-how-ai-scheduling-systems-improve-1-000-operations-per-hour-efficiency/","Summary","ASRS warehouse design","关键词组","This guide explains how modern ASRS warehouse design integrates AI scheduling systems to achieve over 1,000 operations per hour in large-scale logistics envi...","ASRS Warehouse Industry Applications Case Study | How Manufacturing, E-commerce, Pharma & Food Industries Benefit from Automated Storage Systems","https://13asrs.com/case/asrs-warehouse-industry-applications-case-study-how-manufacturing-e-commerce-pharma-food-industries-benefit-from-automated-storage-systems/","高","正文原词与该案例的设备、行业或应用场景直接对应。","是（由批准映射注入）"
"已应用","ASRS Warehouse ROI Analysis: Why Automation Pays Back Faster Than Traditional Warehousing","https://13asrs.com/blog/asrs-warehouse-roi-analysis-why-automation-pays-back-faster-than-traditional-warehousing/","Summary","warehouse automation systems","关键词组","This article provides a structured ROI analysis of ASRS warehouse automation systems, explaining why automated warehouses achieve faster payback (18–36 months) compared to traditional manua...","ASRS Warehouse Industry Applications Case Study | How Manufacturing, E-commerce, Pharma & Food Industries Benefit from Automated Storage Systems","https://13asrs.com/case/asrs-warehouse-industry-applications-case-study-how-manufacturing-e-commerce-pharma-food-industries-benefit-from-automated-storage-systems/","高","正文中发现 3 个与该案例主题一致的表达，优先选取最具体的一处。","是（由批准映射注入）"
"已应用","Battery Manufacturing Automation: Manual Production vs Smart Battery Factory | Which Model Creates Better ROI?","https://13asrs.com/blog/battery-manufacturing-automation-manual-production-vs-smart-battery-factory-which-model-creates-better-roi/","Results & ROI","Battery Manufacturing Automation","关键词组","Business Benefits of Battery Manufacturing Automation Automation creates value beyond labor savings. 1. Higher Production Efficiency Automated systems improve...","Complete EV Battery Production Line | Turnkey Lithium Battery Smart Factory Automation Solution","https://13asrs.com/case/complete-ev-battery-production-line-turnkey-lithium-battery-smart-factory-automation-solution/","高","正文中发现 3 个与该案例主题一致的表达，优先选取最具体的一处。","是（由批准映射注入）"
"已应用","Best ASRS Warehouse Solution for E-commerce and High SKU Distribution Centers","https://13asrs.com/blog/best-asrs-warehouse-solution-for-e-commerce-and-high-sku-distribution-centers/","Body","33 ACR + 18 AMR","长尾词/短句","...ansion of robot fleets Modular warehouse scaling Increased throughput without redesign 6️⃣ Case Mapping: 33 ACR + 18 AMR System This architecture directly supports: High SKU environments 24/7 fulfillment centers Multi-order p...","536 Bins/Hour Mega Warehouse Automation Case | 33 ACR + 18 AMR Intelligent ASRS System","https://13asrs.com/case/536-bins-hour-mega-warehouse-automation-case-33-acr-18-amr-intelligent-asrs-system/","高","正文原词与该案例的设备、行业或应用场景直接对应。","是（由批准映射注入）"
"已应用","Best ASRS Warehouse Solution for E-commerce and High SKU Distribution Centers","https://13asrs.com/blog/best-asrs-warehouse-solution-for-e-commerce-and-high-sku-distribution-centers/","Technology","ASRS systems","关键词组","Modern e-commerce ASRS systems typically include: 33 ACR intelligent storage robots 18 AMR autonomous transport robots High-density rac...","ASRS Warehouse Industry Applications Case Study | How Manufacturing, E-commerce, Pharma & Food Industries Benefit from Automated Storage Systems","https://13asrs.com/case/asrs-warehouse-industry-applications-case-study-how-manufacturing-e-commerce-pharma-food-industries-benefit-from-automated-storage-systems/","中","正文原词与该案例的设备、行业或应用场景直接对应。","是（由批准映射注入）"
"已应用","Best Packaging Automation Solutions for Beauty and Cosmetic Manufacturers","https://13asrs.com/blog/best-packaging-automation-solutions-for-beauty-and-cosmetic-manufacturers/","Summary","packaging automation","关键词组","...ten struggle to support high product variety and growing production demand. This guide explores the best packaging automation solutions for beauty and cosmetic manufacturers and explains how integrated packaging systems improve ef...","Complete Cartoning & Case Packing Line for Pharmaceutical, Beauty, Health & Daily Care Industries","https://13asrs.com/case/complete-cartoning-case-packing-line-for-pharmaceutical-beauty-health-daily-care-industries/","高","正文原词与该案例的设备、行业或应用场景直接对应。","是（由批准映射注入）"
"已应用","Best Warehouse Automation Solution for Manufacturing: AMR, RGV & ASRS Integration","https://13asrs.com/blog/best-warehouse-automation-solution-for-manufacturing-amr-rgv-asrs-integration/","Summary","warehouse automation system","关键词组","...fficiency limits overall factory performance. The most effective solution is an integrated manufacturing warehouse automation system that combines AMR (Autonomous Mobile Robots), RGV (Rail Guided Vehicles), Stacker Crane ASRS, WMS, and W...","ASRS Warehouse Industry Applications Case Study | How Manufacturing, E-commerce, Pharma & Food Industries Benefit from Automated Storage Systems","https://13asrs.com/case/asrs-warehouse-industry-applications-case-study-how-manufacturing-e-commerce-pharma-food-industries-benefit-from-automated-storage-systems/","高","正文中发现 2 个与该案例主题一致的表达，优先选取最具体的一处。","是（由批准映射注入）"
"已应用","Can an Automatic Cartoning Line Reduce Labor Costs by 50%?","https://13asrs.com/blog/can-an-automatic-cartoning-line-reduce-labor-costs-by-50/","Summary","automatic cartoning line","关键词组","...panies are evaluating whether packaging automation can significantly lower operational costs. But can an automatic cartoning line really reduce labor costs by 50% or more? The answer depends on production volume, labor structure, pack...","Complete Cartoning & Case Packing Line for Pharmaceutical, Beauty, Health & Daily Care Industries","https://13asrs.com/case/complete-cartoning-case-packing-line-for-pharmaceutical-beauty-health-daily-care-industries/","高","正文中发现 2 个与该案例主题一致的表达，优先选取最具体的一处。","是（由批准映射注入）"
"已应用","Can ASRS Reduce Labor Risk in Chemical Warehouses by 70%?","https://13asrs.com/blog/can-asrs-reduce-labor-risk-in-chemical-warehouses-by-70/","Summary","Automated Storage and Retrieval Systems","长尾词/短句","...esult from manual handling errors, fatigue, limited visibility, and unstable load movement. Modern ASRS (Automated Storage and Retrieval Systems)—especially stacker crane-based systems—can significantly reduce human involvement in hazardous zones, a...","ASRS Warehouse Industry Applications Case Study | How Manufacturing, E-commerce, Pharma & Food Industries Benefit from Automated Storage Systems","https://13asrs.com/case/asrs-warehouse-industry-applications-case-study-how-manufacturing-e-commerce-pharma-food-industries-benefit-from-automated-storage-systems/","高","正文中发现 3 个与该案例主题一致的表达，优先选取最具体的一处。","是（由批准映射注入）"
"已应用","Can ASRS Reduce Labor Risk in Chemical Warehouses by 70%?","https://13asrs.com/blog/can-asrs-reduce-labor-risk-in-chemical-warehouses-by-70/","Summary","Chemical warehouses","关键词组","Chemical warehouses are among the highest-risk working environments in industrial logistics due to heavy loads, hazardous ma...","Heavy-Duty ASRS for Chemical Drums: How Stacker Cranes Handle Extreme Loads","https://13asrs.com/case/heavy-duty-asrs-for-chemical-drums-how-stacker-cranes-handle-extreme-loads/","高","正文原词与该案例的设备、行业或应用场景直接对应。","是（由批准映射注入）"
"已应用","Can CTU Systems Replace 100% Manual Picking in Modern Warehouses?","https://13asrs.com/blog/can-ctu-systems-replace-100-manual-picking-in-modern-warehouses/","Technology","Goods-to-person picking stations","关键词组","...rehouse automation system typically includes: CTU robotic shuttle units High-density storage rack system Goods-to-person picking stations WMS (Warehouse Management System) WCS (Warehouse Control System) SCADA real-time monitoring system Barco...","4-Aisle Mini Load ASRS Warehouse | High SKU Automated Storage and Goods-to-Person Picking Solution","https://13asrs.com/case/4-aisle-mini-load-asrs-warehouse-high-sku-automated-storage-and-goods-to-person-picking-solution/","中","正文原词与该案例的设备、行业或应用场景直接对应。","是（由批准映射注入）"
"已应用","Can CTU Systems Replace 100% Manual Picking in Modern Warehouses?","https://13asrs.com/blog/can-ctu-systems-replace-100-manual-picking-in-modern-warehouses/","Technology","warehouse automation system","关键词组","A CTU-based warehouse automation system typically includes: CTU robotic shuttle units High-density storage rack system Goods-to-person picking s...","ASRS Warehouse Industry Applications Case Study | How Manufacturing, E-commerce, Pharma & Food Industries Benefit from Automated Storage Systems","https://13asrs.com/case/asrs-warehouse-industry-applications-case-study-how-manufacturing-e-commerce-pharma-food-industries-benefit-from-automated-storage-systems/","中","正文原词与该案例的设备、行业或应用场景直接对应。","是（由批准映射注入）"
"已应用","Chemical Drum Warehouse Automation: Full Workflow Explained Step by Step","https://13asrs.com/blog/chemical-drum-warehouse-automation-full-workflow-explained-step-by-step/","Summary","stacker crane ASRS system","长尾词/短句","...tep breakdown of the end-to-end automated workflow, from inbound receiving to outbound dispatch, using a stacker crane ASRS system integrated with WMS, WCS, and SCADA platforms. It is designed for engineers, project planners, and decis...","Heavy-Duty ASRS for Chemical Drums: How Stacker Cranes Handle Extreme Loads","https://13asrs.com/case/heavy-duty-asrs-for-chemical-drums-how-stacker-cranes-handle-extreme-loads/","高","正文中发现 2 个与该案例主题一致的表达，优先选取最具体的一处。","是（由批准映射注入）"
"已应用","Choosing the Right Coating Machine: Slot Die vs Gravure vs Comma Coating Systems","https://13asrs.com/blog/choosing-the-right-coating-machine-slot-die-vs-gravure-vs-comma-coating-systems/","Summary","coating machine","关键词组","Selecting the right coating machine is one of the most important decisions in any coating production project. Whether manufacturing lithium...","Industrial Coating Machine Applications Case Study | Medical Devices, Electronics, Lithium Batteries, Packaging, Textile & Semiconductor Manufacturing","https://13asrs.com/case/industrial-coating-machine-applications-case-study-medical-devices-electronics-lithium-batteries-packaging-textile-semiconductor-manufacturing/","高","正文原词与该案例的设备、行业或应用场景直接对应。","是（由批准映射注入）"
"已应用","Choosing the Right Paper Cup Production Line: Speed, Automation Level and Packaging Requirements","https://13asrs.com/blog/choosing-the-right-paper-cup-production-line-speed-automation-level-and-packaging-requirements/","Summary","paper cup production line","长尾词/短句","Selecting a paper cup production line is a critical decision for manufacturers, investors, and packaging companies. Different production lines...","Fully Automatic Paper Cup Production Line | Intelligent Cup Forming, Inspection, Sterilization and Packaging System","https://13asrs.com/case/fully-automatic-paper-cup-production-line-intelligent-cup-forming-inspection-sterilization-and-packaging-system/","高","正文中发现 2 个与该案例主题一致的表达，优先选取最具体的一处。","是（由批准映射注入）"
"已应用","Common Coating Defects and How to Prevent Them in Industrial Production","https://13asrs.com/blog/common-coating-defects-and-how-to-prevent-them-in-industrial-production/","Equipment List","Coating Machine","关键词组","Core quality control equipment includes: Slot Die Coating Machine Precision Pumping System Tension Control System Web Guiding System Drying Oven System CCD Inspection Sys...","Industrial Coating Machine Applications Case Study | Medical Devices, Electronics, Lithium Batteries, Packaging, Textile & Semiconductor Manufacturing","https://13asrs.com/case/industrial-coating-machine-applications-case-study-medical-devices-electronics-lithium-batteries-packaging-textile-semiconductor-manufacturing/","高","正文中发现 2 个与该案例主题一致的表达，优先选取最具体的一处。","是（由批准映射注入）"
"已应用","Complete ASRS Workflow Explained Step by Step: From Production to Automated Storage","https://13asrs.com/blog/complete-asrs-workflow-explained-step-by-step-from-production-to-automated-storage/","Summary","complete ASRS workflow","关键词组","...te automation projects, estimate ROI, or optimize warehouse operations. In this guide, we break down the complete ASRS workflow step by step, following a product from the moment it leaves the production line until it is automaticall...","Complete ASRS Workflow Case Study | AMR + RGV + Stacker Crane Integrated Warehouse Automation System","https://13asrs.com/case/complete-asrs-workflow-case-study-amr-rgv-stacker-crane-integrated-warehouse-automation-system/","高","正文原词与该案例的设备、行业或应用场景直接对应。","是（由批准映射注入）"
"已应用","Complete Cartoning and Case Packing Workflow Explained Step by Step","https://13asrs.com/blog/complete-cartoning-and-case-packing-workflow-explained-step-by-step/","Summary","complete cartoning and case packing line","长尾词/短句","A complete cartoning and case packing line combines multiple packaging processes into one automated workflow. Many manufacturers understand the ben...","Complete Cartoning & Case Packing Line for Pharmaceutical, Beauty, Health & Daily Care Industries","https://13asrs.com/case/complete-cartoning-case-packing-line-for-pharmaceutical-beauty-health-daily-care-industries/","高","正文中发现 3 个与该案例主题一致的表达，优先选取最具体的一处。","是（由批准映射注入）"
"已应用","CTU Goods-to-Person ROI Analysis: Is It Worth the Investment in 2026?","https://13asrs.com/blog/ctu-goods-to-person-roi-analysis-is-it-worth-the-investment-in-2026/","Technology","CTU Goods-to-Person system","关键词组","A CTU Goods-to-Person system typically integrates: CTU robotic shuttle units High-density storage rack systems Picking workstation mo...","Goods-to-Person CTU Warehouse: Replace Manual Picking Completely?","https://13asrs.com/case/goods-to-person-ctu-warehouse-replace-manual-picking-completely/","高","正文中发现 4 个与该案例主题一致的表达，优先选取最具体的一处。","是（由批准映射注入）"
"已应用","CTU Goods-to-Person ROI Analysis: Is It Worth the Investment in 2026?","https://13asrs.com/blog/ctu-goods-to-person-roi-analysis-is-it-worth-the-investment-in-2026/","Equipment List","Goods-to-person picking stations","关键词组","Core Hardware： CTU robotic shuttle fleet High-density storage rack system Goods-to-person picking stations Software Systems： WMS warehouse management system WCS control system SCADA monitoring platform AI task s...","4-Aisle Mini Load ASRS Warehouse | High SKU Automated Storage and Goods-to-Person Picking Solution","https://13asrs.com/case/4-aisle-mini-load-asrs-warehouse-high-sku-automated-storage-and-goods-to-person-picking-solution/","中","正文原词与该案例的设备、行业或应用场景直接对应。","是（由批准映射注入）"
"已应用","CTU vs AMR vs ASRS: Which Goods-to-Person System Is Best for Warehouses?","https://13asrs.com/blog/ctu-vs-amr-vs-asrs-which-goods-to-person-system-is-best-for-warehouses/","Equipment List","CTU System","关键词组","👉CTU System: Case transfer robots High-density racks Picking stations 👉AMR System: Autonomous mobile robots Chargin...","Goods-to-Person CTU Warehouse: Replace Manual Picking Completely?","https://13asrs.com/case/goods-to-person-ctu-warehouse-replace-manual-picking-completely/","中","正文原词与该案例的设备、行业或应用场景直接对应。","是（由批准映射注入）"
"已应用","CTU Warehouse Design Guide: How to Build a High-Density Goods-to-Person System？","https://13asrs.com/blog/ctu-warehouse-design-guide-how-to-build-a-high-density-goods-to-person-system/","Technology","CTU warehouse system","关键词组","A high-density CTU warehouse system typically includes: CTU robotic shuttle network High-density shelving system (multi-level racks) Ergonom...","Goods-to-Person CTU Warehouse: Replace Manual Picking Completely?","https://13asrs.com/case/goods-to-person-ctu-warehouse-replace-manual-picking-completely/","高","正文中发现 2 个与该案例主题一致的表达，优先选取最具体的一处。","是（由批准映射注入）"
"已应用","CTU Warehouse Design Guide: How to Build a High-Density Goods-to-Person System？","https://13asrs.com/blog/ctu-warehouse-design-guide-how-to-build-a-high-density-goods-to-person-system/","Technology","Goods-to-Person picking stations","关键词组","...pically includes: CTU robotic shuttle network High-density shelving system (multi-level racks) Ergonomic Goods-to-Person picking stations WMS (Warehouse Management System) WCS (Warehouse Control System) SCADA visualization platform Intelligen...","4-Aisle Mini Load ASRS Warehouse | High SKU Automated Storage and Goods-to-Person Picking Solution","https://13asrs.com/case/4-aisle-mini-load-asrs-warehouse-high-sku-automated-storage-and-goods-to-person-picking-solution/","中","正文原词与该案例的设备、行业或应用场景直接对应。","是（由批准映射注入）"
"已应用","CTU Warehouse Workflow Explained: From Storage to Picking to Dispatch","https://13asrs.com/blog/ctu-warehouse-workflow-explained-from-storage-to-picking-to-dispatch/","Technology","CTU warehouse","关键词组","A CTU warehouse workflow is built on a tightly integrated automation stack: CTU robotic shuttle system High-density stor...","Goods-to-Person CTU Warehouse: Replace Manual Picking Completely?","https://13asrs.com/case/goods-to-person-ctu-warehouse-replace-manual-picking-completely/","高","正文中发现 2 个与该案例主题一致的表达，优先选取最具体的一处。","是（由批准映射注入）"
"已应用","CTU Warehouse Workflow Explained: From Storage to Picking to Dispatch","https://13asrs.com/blog/ctu-warehouse-workflow-explained-from-storage-to-picking-to-dispatch/","Technology","Goods-to-person picking stations","关键词组","...a tightly integrated automation stack: CTU robotic shuttle system High-density storage rack architecture Goods-to-person picking stations WMS (Warehouse Management System) WCS (Warehouse Control System) SCADA real-time monitoring platform Bar...","4-Aisle Mini Load ASRS Warehouse | High SKU Automated Storage and Goods-to-Person Picking Solution","https://13asrs.com/case/4-aisle-mini-load-asrs-warehouse-high-sku-automated-storage-and-goods-to-person-picking-solution/","中","正文原词与该案例的设备、行业或应用场景直接对应。","是（由批准映射注入）"
"已应用","E-commerce Fulfillment Automation: How ASRS Systems Enable Fast Order Processing and High-Volume Warehousing","https://13asrs.com/blog/e-commerce-fulfillment-automation-how-asrs-systems-enable-fast-order-processing-and-high-volume-warehousing/","Summary","Automated Storage and Retrieval Systems","长尾词/短句","...use operations, requiring faster order fulfillment, higher SKU density, and near-zero error rates. ASRS (Automated Storage and Retrieval Systems) has become the core technology behind modern e-commerce fulfillment centers, enabling high-speed pickin...","ASRS Warehouse Industry Applications Case Study | How Manufacturing, E-commerce, Pharma & Food Industries Benefit from Automated Storage Systems","https://13asrs.com/case/asrs-warehouse-industry-applications-case-study-how-manufacturing-e-commerce-pharma-food-industries-benefit-from-automated-storage-systems/","高","正文中发现 2 个与该案例主题一致的表达，优先选取最具体的一处。","是（由批准映射注入）"
"已应用","End-to-End Layout of a Fully Automatic Electronics Packaging Factory (Reel & Tray System for Semiconductor and Electronics Manufacturing)","https://13asrs.com/blog/end-to-end-layout-of-a-fully-automatic-electronics-packaging-factory-reel-tray-system-for-semiconductor-and-electronics-manufacturing/","Summary","Reel and Tray packaging","长尾词/短句","...ern electronics manufacturing factories require fully integrated end-to-end automation systems to handle Reel and Tray packaging with high precision, full traceability, and MES integration. This article explains how to design a compl...","Fully Automatic Reel & Tray Vacuum Packaging Line | MES Integrated Aluminum Bag Packing System with Labeling & Traceability","https://13asrs.com/case/fully-automatic-reel-tray-vacuum-packaging-line-with-mes-integration-and-smart-traceability-system/","高","正文中发现 4 个与该案例主题一致的表达，优先选取最具体的一处。","是（由批准映射注入）"
"已应用","Energy Saving in Aluminum Production: How Modern Extrusion Lines Reduce Power Consumption by 30%","https://13asrs.com/blog/energy-saving-in-aluminum-production-how-modern-extrusion-lines-reduce-power-consumption-by-30/","Solution","Modern extrusion lines","关键词组","Modern extrusion lines reduce energy consumption through: Intelligent induction heating control systems Variable frequency driv...","Aluminum Profile Extrusion Production Line Case Study | Fully Automated Smart Manufacturing System for Industrial Aluminum Processing","https://13asrs.com/case/aluminum-profile-extrusion-production-line-case-study-fully-automated-smart-manufacturing-system-for-industrial-aluminum-processing/","高","正文原词与该案例的设备、行业或应用场景直接对应。","是（由批准映射注入）"
"已应用","Food & Beverage Cold Storage Automation: How ASRS Systems Handle Perishable Goods Efficiently","https://13asrs.com/blog/food-beverage-cold-storage-automation-how-asrs-systems-handle-perishable-goods-efficiently/","Summary","Automated Storage and Retrieval Systems","长尾词/短句","...beverage logistics require strict temperature control, fast turnover, and zero spoilage tolerance. ASRS (Automated Storage and Retrieval Systems) provides a fully automated cold storage solution that ensures high-speed inventory handling, precise te...","ASRS Warehouse Industry Applications Case Study | How Manufacturing, E-commerce, Pharma & Food Industries Benefit from Automated Storage Systems","https://13asrs.com/case/asrs-warehouse-industry-applications-case-study-how-manufacturing-e-commerce-pharma-food-industries-benefit-from-automated-storage-systems/","高","正文中发现 2 个与该案例主题一致的表达，优先选取最具体的一处。","是（由批准映射注入）"
"已应用","From Electric Motors to Automotive Electronics: How Automated Assembly Lines Are Transforming Manufacturing","https://13asrs.com/blog/from-electric-motors-to-automotive-electronics-how-automated-assembly-lines-are-transforming-manufacturing/","Summary","motor assembly line","关键词组","...rovides actionable insights for manufacturers planning automation investments. With the global automatic motor assembly line market valued at USD 5.22 billion in 2025 and projected to reach USD 7.56 billion by 2032, and the autom...","Fully Automated Motor Assembly Line – Complete Industrial Case Study","https://13asrs.com/case/fully-automated-motor-assembly-line-complete-industrial-case-study/","高","正文中发现 2 个与该案例主题一致的表达，优先选取最具体的一处。","是（由批准映射注入）"
"已应用","Future of Tray and Reel Packaging Automation: MES, AI and Fully Unmanned Packaging Lines in Semiconductor & Electronics Manufacturing","https://13asrs.com/blog/future-of-tray-and-reel-packaging-automation-mes-ai-and-fully-unmanned-packaging-lines-in-semiconductor-electronics-manufacturing/","Equipment List","Reel & Tray packaging line","长尾词/短句","Fully automatic Reel & Tray packaging line AI visual inspection system MES integration platform Industrial robotic handling system Smart vacuum sea...","Fully Automatic Reel & Tray Vacuum Packaging Line | MES Integrated Aluminum Bag Packing System with Labeling & Traceability","https://13asrs.com/case/fully-automatic-reel-tray-vacuum-packaging-line-with-mes-integration-and-smart-traceability-system/","高","正文中发现 2 个与该案例主题一致的表达，优先选取最具体的一处。","是（由批准映射注入）"
"已应用","Future of Tray and Reel Packaging Automation: MES, AI and Fully Unmanned Packaging Lines in Semiconductor & Electronics Manufacturing","https://13asrs.com/blog/future-of-tray-and-reel-packaging-automation-mes-ai-and-fully-unmanned-packaging-lines-in-semiconductor-electronics-manufacturing/","Body","packaging automation","关键词组","...a data-driven quality control and traceability system. This article explores the future architecture of packaging automation driven by MES and AI technologies. Key Points Packaging systems are evolving into digital production nod...","Complete Cartoning & Case Packing Line for Pharmaceutical, Beauty, Health & Daily Care Industries","https://13asrs.com/case/complete-cartoning-case-packing-line-for-pharmaceutical-beauty-health-daily-care-industries/","高","正文原词与该案例的设备、行业或应用场景直接对应。","是（由批准映射注入）"
"已应用","Goods-to-Person System Explained: Why Manual Picking Is No Longer Competitive","https://13asrs.com/blog/goods-to-person-system-explained-why-manual-picking-is-no-longer-competitive/","Solution","Goods-to-Person systems","关键词组","Goods-to-Person systems solve these problems by: 8.1 Bringing goods directly to workers instead of manual searching 8.2 Using AS...","Goods-to-Person CTU Warehouse: Replace Manual Picking Completely?","https://13asrs.com/case/goods-to-person-ctu-warehouse-replace-manual-picking-completely/","高","正文中发现 2 个与该案例主题一致的表达，优先选取最具体的一处。","是（由批准映射注入）"
"已应用","Goods-to-Person System Explained: Why Manual Picking Is No Longer Competitive","https://13asrs.com/blog/goods-to-person-system-explained-why-manual-picking-is-no-longer-competitive/","Equipment List","Goods-to-Person picking stations","关键词组","11.1 ASRS storage and retrieval system 11.2 AMR logistics robots 11.3 ACR warehouse robots 11.4 Goods-to-Person picking stations 11.5 WMS warehouse management system 11.6 AI scheduling engine 11.7 Conveyor transfer system 11.8 Barcod...","4-Aisle Mini Load ASRS Warehouse | High SKU Automated Storage and Goods-to-Person Picking Solution","https://13asrs.com/case/4-aisle-mini-load-asrs-warehouse-high-sku-automated-storage-and-goods-to-person-picking-solution/","中","正文原词与该案例的设备、行业或应用场景直接对应。","是（由批准映射注入）"
"已应用","Heavy Load ASRS System: How to Handle 1 Ton Chemical Drums Safely","https://13asrs.com/blog/heavy-load-asrs-system-how-to-handle-1-ton-chemical-drums-safely/","Body","stacker crane ASRS system","长尾词/短句","...tructural engineering Motion control systems Safety monitoring technologies Industrial logistics logic A stacker crane ASRS system provides a unified solution that replaces manual handling with precision-controlled robotic lifting syst...","Heavy-Duty ASRS for Chemical Drums: How Stacker Cranes Handle Extreme Loads","https://13asrs.com/case/heavy-duty-asrs-for-chemical-drums-how-stacker-cranes-handle-extreme-loads/","高","正文原词与该案例的设备、行业或应用场景直接对应。","是（由批准映射注入）"
"已应用","Heavy Load ASRS System: How to Handle 1 Ton Chemical Drums Safely","https://13asrs.com/blog/heavy-load-asrs-system-how-to-handle-1-ton-chemical-drums-safely/","Summary","ASRS systems","关键词组","...ctural stability, and zero human exposure in high-risk zones. This article explains how industrial-grade ASRS systems safely manage extreme loads such as 1-ton chemical drums, focusing on engineering structure, safety syst...","ASRS Warehouse Industry Applications Case Study | How Manufacturing, E-commerce, Pharma & Food Industries Benefit from Automated Storage Systems","https://13asrs.com/case/asrs-warehouse-industry-applications-case-study-how-manufacturing-e-commerce-pharma-food-industries-benefit-from-automated-storage-systems/","中","正文原词与该案例的设备、行业或应用场景直接对应。","是（由批准映射注入）"
"已应用","High-Density ASRS Storage System Explained: How to Store 45,000+ SKUs in One Intelligent Warehouse","https://13asrs.com/blog/high-density-asrs-storage-system-explained-how-to-store-45-000-skus-in-one-intelligent-warehouse/","Solution","automated storage systems","关键词组","High-density ASRS storage solves these problems through: Vertical automated storage systems AI-driven SKU classification and slotting Dynamic storage allocation strategies Multi-zone distributed w...","ASRS Warehouse Industry Applications Case Study | How Manufacturing, E-commerce, Pharma & Food Industries Benefit from Automated Storage Systems","https://13asrs.com/case/asrs-warehouse-industry-applications-case-study-how-manufacturing-e-commerce-pharma-food-industries-benefit-from-automated-storage-systems/","中","正文原词与该案例的设备、行业或应用场景直接对应。","是（由批准映射注入）"
"已应用","High-Density Warehouse Design: How 8.6m Racking Systems Double Storage Capacity","https://13asrs.com/blog/high-density-warehouse-design-how-8-6m-racking-systems-double-storage-capacity/","Body","ASRS warehouse design","关键词组","...vertical storage value If you are planning a warehouse automation project, we can support you with: 16.3 ASRS warehouse design and engineering planning 16.4 High-density racking system optimization 16.5 AMR + ACR system integration...","ASRS Warehouse Industry Applications Case Study | How Manufacturing, E-commerce, Pharma & Food Industries Benefit from Automated Storage Systems","https://13asrs.com/case/asrs-warehouse-industry-applications-case-study-how-manufacturing-e-commerce-pharma-food-industries-benefit-from-automated-storage-systems/","高","正文中发现 3 个与该案例主题一致的表达，优先选取最具体的一处。","是（由批准映射注入）"
"已应用","How 536 Bins/Hour Warehouse Automation Improves Fulfillment Efficiency by 300%","https://13asrs.com/blog/how-536-bins-hour-warehouse-automation-improves-fulfillment-efficiency-by-300/","Summary","33 ACR + 18 AMR","长尾词/短句","...ed by throughput performance, order accuracy, and system scalability. This case study demonstrates how a 33 ACR + 18 AMR automated warehouse system achieves 536 bins per hour throughput, improving overall fulfillment efficien...","536 Bins/Hour Mega Warehouse Automation Case | 33 ACR + 18 AMR Intelligent ASRS System","https://13asrs.com/case/536-bins-hour-mega-warehouse-automation-case-33-acr-18-amr-intelligent-asrs-system/","高","正文中发现 3 个与该案例主题一致的表达，优先选取最具体的一处。","是（由批准映射注入）"
"已应用","How 536 Bins/Hour Warehouse Automation Improves Fulfillment Efficiency by 300%","https://13asrs.com/blog/how-536-bins-hour-warehouse-automation-improves-fulfillment-efficiency-by-300/","Solution","ASRS automation","关键词组","The ASRS automation system solves these challenges by replacing manual operations with a fully synchronized robotic warehous...","ASRS Warehouse Industry Applications Case Study | How Manufacturing, E-commerce, Pharma & Food Industries Benefit from Automated Storage Systems","https://13asrs.com/case/asrs-warehouse-industry-applications-case-study-how-manufacturing-e-commerce-pharma-food-industries-benefit-from-automated-storage-systems/","中","正文原词与该案例的设备、行业或应用场景直接对应。","是（由批准映射注入）"
"已应用","How a 129,000 Storage Location ASRS Warehouse Is Designed: Layout & Engineering Explained","https://13asrs.com/blog/how-a-129-000-storage-location-asrs-warehouse-is-designed-layout-engineering-explained/","Summary","129,000 storage location ASRS warehouse","长尾词/短句","This article explains the engineering and layout design principles behind a 129,000 storage location ASRS warehouse, including 8.6m high rack structures, multi-layer storage optimization, and integrated AMR + ACR logisti...","Mega ASRS Warehouse Case Study | 12,000㎡ System with 50,000 Storage Locations & 1,000 Tasks/Hour","https://13asrs.com/case/mega-asrs-warehouse-case-study-12-000-system-with-50-000-storage-locations-1-000-tasks-hour/","高","正文原词与该案例的设备、行业或应用场景直接对应。","是（由批准映射注入）"
"已应用","How a 33 ACR + 18 AMR Warehouse System Works Step by Step","https://13asrs.com/blog/how-a-33-acr-18-amr-warehouse-system-works-step-by-step/","Summary","33 ACR + 18 AMR","长尾词/短句","...of independent robots—it is a fully synchronized logistics execution ecosystem. This case explains how a 33 ACR + 18 AMR ASRS warehouse system operates step by step, from inbound receiving to outbound dispatch, achieving high...","536 Bins/Hour Mega Warehouse Automation Case | 33 ACR + 18 AMR Intelligent ASRS System","https://13asrs.com/case/536-bins-hour-mega-warehouse-automation-case-33-acr-18-amr-intelligent-asrs-system/","高","正文中发现 2 个与该案例主题一致的表达，优先选取最具体的一处。","是（由批准映射注入）"
"已应用","How a 33 ACR + 18 AMR Warehouse System Works Step by Step","https://13asrs.com/blog/how-a-33-acr-18-amr-warehouse-system-works-step-by-step/","Summary","ASRS warehouse system","关键词组","...obots—it is a fully synchronized logistics execution ecosystem. This case explains how a 33 ACR + 18 AMR ASRS warehouse system operates step by step, from inbound receiving to outbound dispatch, achieving high throughput, stable op...","ASRS Warehouse Industry Applications Case Study | How Manufacturing, E-commerce, Pharma & Food Industries Benefit from Automated Storage Systems","https://13asrs.com/case/asrs-warehouse-industry-applications-case-study-how-manufacturing-e-commerce-pharma-food-industries-benefit-from-automated-storage-systems/","高","正文中发现 2 个与该案例主题一致的表达，优先选取最具体的一处。","是（由批准映射注入）"
"已应用","How a Fully Automated Motor Assembly Line Increased Throughput by 200% – A Smart Factory Case Study","https://13asrs.com/blog/how-a-fully-automated-motor-assembly-line-increased-throughput-by-200-a-smart-factory-case-study/","Summary","fully automated motor assembly line","长尾词/短句","This smart manufacturing case study examines how a fully automated motor assembly line transformed traditional manual production into an integrated, high-efficiency system. By combining preci...","Fully Automated Motor Assembly Line – Complete Industrial Case Study","https://13asrs.com/case/fully-automated-motor-assembly-line-complete-industrial-case-study/","高","正文中发现 5 个与该案例主题一致的表达，优先选取最具体的一处。","是（由批准映射注入）"
"已应用","How Aluminum Extrusion Technology Improves Product Strength and Precision? (Engineering Explained)","https://13asrs.com/blog/how-aluminum-extrusion-technology-improves-product-strength-and-precision-engineering-explained/","Summary","aluminum extrusion technology","关键词组","This article explains how aluminum extrusion technology improves material strength, structural precision, and product performance through controlled thermal, me...","Aluminum Profile Extrusion Production Line Case Study | Fully Automated Smart Manufacturing System for Industrial Aluminum Processing","https://13asrs.com/case/aluminum-profile-extrusion-production-line-case-study-fully-automated-smart-manufacturing-system-for-industrial-aluminum-processing/","高","正文原词与该案例的设备、行业或应用场景直接对应。","是（由批准映射注入）"
"已应用","How Aseptic Filling Systems Improve Food Safety and Shelf Life in Tomato Processing","https://13asrs.com/blog/how-aseptic-filling-systems-improve-food-safety-and-shelf-life-in-tomato-processing/","Summary","aseptic filling systems","关键词组","This article explains how aseptic filling systems improve food safety, extend shelf life, and enhance product stability in tomato paste and tomato-based f...","Tomato Paste & Canned Tomato Production Line | Fully Automated Food Processing, Filling, Packaging & ASRS System","https://13asrs.com/case/tomato-paste-canned-tomato-production-line-fully-automated-food-processing-filling-packaging-asrs-system/","高","正文原词与该案例的设备、行业或应用场景直接对应。","是（由批准映射注入）"
"已应用","How ASRS Automated Warehouses Improve Food Factory Logistics and Inventory Management","https://13asrs.com/blog/how-asrs-automated-warehouses-improve-food-factory-logistics-and-inventory-management/","Summary","Automated Storage and Retrieval Systems","长尾词/短句","This article explains how ASRS (Automated Storage and Retrieval Systems) improve logistics efficiency, inventory accuracy, and supply chain performance in modern food factories...","ASRS Warehouse Industry Applications Case Study | How Manufacturing, E-commerce, Pharma & Food Industries Benefit from Automated Storage Systems","https://13asrs.com/case/asrs-warehouse-industry-applications-case-study-how-manufacturing-e-commerce-pharma-food-industries-benefit-from-automated-storage-systems/","高","正文中发现 2 个与该案例主题一致的表达，优先选取最具体的一处。","是（由批准映射注入）"
"已应用","How ASRS Warehouse Systems Improve Manufacturing Efficiency in Automotive and Electronics Factories","https://13asrs.com/blog/how-asrs-warehouse-systems-improve-manufacturing-efficiency-in-automotive-and-electronics-factories/","Summary","Automated Storage and Retrieval Systems","长尾词/短句","...pressure to reduce labor dependency, improve production speed, and increase material traceability. ASRS (Automated Storage and Retrieval Systems) plays a critical role in solving these challenges by enabling high-density storage, automated material...","ASRS Warehouse Industry Applications Case Study | How Manufacturing, E-commerce, Pharma & Food Industries Benefit from Automated Storage Systems","https://13asrs.com/case/asrs-warehouse-industry-applications-case-study-how-manufacturing-e-commerce-pharma-food-industries-benefit-from-automated-storage-systems/","高","正文中发现 3 个与该案例主题一致的表达，优先选取最具体的一处。","是（由批准映射注入）"
"已应用","How Automated Packaging and Palletizing Systems Reduce Labor in Food Manufacturing","https://13asrs.com/blog/how-automated-packaging-and-palletizing-systems-reduce-labor-in-food-manufacturing/","Technology","packaging automation","关键词组","Food packaging automation system Robotic palletizing system Automatic cartoning and case packing system Conveyor-based material ha...","Complete Cartoning & Case Packing Line for Pharmaceutical, Beauty, Health & Daily Care Industries","https://13asrs.com/case/complete-cartoning-case-packing-line-for-pharmaceutical-beauty-health-daily-care-industries/","中","正文原词与该案例的设备、行业或应用场景直接对应。","是（由批准映射注入）"
"已应用","How Coating Machines Power Modern Lithium Battery Manufacturing: From Electrode Coating to Separator Coating","https://13asrs.com/blog/how-coating-machines-power-modern-lithium-battery-manufacturing-from-electrode-coating-to-separator-coating/","Summary","lithium battery manufacturing","关键词组","...rapid growth of electric vehicles (EVs), energy storage systems (ESS), and consumer electronics has made lithium battery manufacturing one of the fastest-growing industrial sectors worldwide. Among all battery production processes, coating...","Industrial Coating Machine Applications Case Study | Medical Devices, Electronics, Lithium Batteries, Packaging, Textile & Semiconductor Manufacturing","https://13asrs.com/case/industrial-coating-machine-applications-case-study-medical-devices-electronics-lithium-batteries-packaging-textile-semiconductor-manufacturing/","高","正文中发现 2 个与该案例主题一致的表达，优先选取最具体的一处。","是（由批准映射注入）"
"已应用","How Does a 12,000㎡ Automated Warehouse Handle 50,000 Storage Locations? Full ASRS System Explained","https://13asrs.com/blog/how-does-a-12-000-automated-warehouse-handle-50-000-storage-locations-full-asrs-system-explained/","Summary","50,000 storage locations","关键词组","This project explains how a 12,000㎡ large-scale automated warehouse manages over 50,000 storage locations using an integrated ASRS system. Through AI scheduling, high-density storage design, and multi-system co...","Mega ASRS Warehouse Case Study | 12,000㎡ System with 50,000 Storage Locations & 1,000 Tasks/Hour","https://13asrs.com/case/mega-asrs-warehouse-case-study-12-000-system-with-50-000-storage-locations-1-000-tasks-hour/","高","正文原词与该案例的设备、行业或应用场景直接对应。","是（由批准映射注入）"
"已应用","How Does a 12,000㎡ Automated Warehouse Handle 50,000 Storage Locations? Full ASRS System Explained","https://13asrs.com/blog/how-does-a-12-000-automated-warehouse-handle-50-000-storage-locations-full-asrs-system-explained/","Solution","ASRS warehouse system","关键词组","The solution is a fully integrated ASRS warehouse system combining: High-density vertical storage racks Intelligent zoning strategy for SKU distribution AI-drive...","ASRS Warehouse Industry Applications Case Study | How Manufacturing, E-commerce, Pharma & Food Industries Benefit from Automated Storage Systems","https://13asrs.com/case/asrs-warehouse-industry-applications-case-study-how-manufacturing-e-commerce-pharma-food-industries-benefit-from-automated-storage-systems/","高","正文中发现 2 个与该案例主题一致的表达，优先选取最具体的一处。","是（由批准映射注入）"
"已应用","How Does a Tomato Paste Production Line Work? Complete Industrial Process from Fresh Tomato to Finished Product","https://13asrs.com/blog/how-does-a-tomato-paste-production-line-work-complete-industrial-process-from-fresh-tomato-to-finished-product/","Solution","tomato paste production line","长尾词/短句","A fully automated tomato paste production line solves these challenges through: Continuous end-to-end processing system Automated washing, sorting, and...","Tomato Paste & Canned Tomato Production Line | Fully Automated Food Processing, Filling, Packaging & ASRS System","https://13asrs.com/case/tomato-paste-canned-tomato-production-line-fully-automated-food-processing-filling-packaging-asrs-system/","高","正文中发现 3 个与该案例主题一致的表达，优先选取最具体的一处。","是（由批准映射注入）"
"已应用","How Fast Can a Complete Cartoning and Case Packing Line Improve Production Efficiency?","https://13asrs.com/blog/how-fast-can-a-complete-cartoning-and-case-packing-line-improve-production-efficiency/","Summary","complete cartoning and case packing line","长尾词/短句","...rational costs. However, one of the most common questions remains: How much efficiency improvement can a complete cartoning and case packing line actually deliver? The answer depends on multiple factors including product type, production speed, labor...","Complete Cartoning & Case Packing Line for Pharmaceutical, Beauty, Health & Daily Care Industries","https://13asrs.com/case/complete-cartoning-case-packing-line-for-pharmaceutical-beauty-health-daily-care-industries/","高","正文中发现 3 个与该案例主题一致的表达，优先选取最具体的一处。","是（由批准映射注入）"
"已应用","How Fast Is a CTU System? Throughput, Speed & Order Fulfillment Analysis？","https://13asrs.com/blog/how-fast-is-a-ctu-system-throughput-speed-order-fulfillment-analysis/","Body","Goods-to-Person systems","关键词组","Project Overview CTU Goods-to-Person systems redefine warehouse speed by shifting from human-based movement to fully automated robotic retrieval. Ins...","Goods-to-Person CTU Warehouse: Replace Manual Picking Completely?","https://13asrs.com/case/goods-to-person-ctu-warehouse-replace-manual-picking-completely/","高","正文中发现 3 个与该案例主题一致的表达，优先选取最具体的一处。","是（由批准映射注入）"
"已应用","How Fully Automatic Paper Cup Production Lines Improve Manufacturing Efficiency","https://13asrs.com/blog/how-fully-automatic-paper-cup-production-lines-improve-manufacturing-efficiency/","Technology","paper cup manufacturing","关键词组","Core technologies used in automated paper cup manufacturing include: High-Speed Cup Forming Technology Servo Motion Control System PLC Intelligent Control Platform...","Fully Automatic Paper Cup Production Line | Intelligent Cup Forming, Inspection, Sterilization and Packaging System","https://13asrs.com/case/fully-automatic-paper-cup-production-line-intelligent-cup-forming-inspection-sterilization-and-packaging-system/","中","正文原词与该案例的设备、行业或应用场景直接对应。","是（由批准映射注入）"
"已应用","How Goods-to-Person Systems Increase Picking Efficiency by 300% in E-commerce Warehouses?","https://13asrs.com/blog/how-goods-to-person-systems-increase-picking-efficiency-by-300-in-e-commerce-warehouses/","Solution","Goods-to-Person systems","关键词组","Goods-to-Person systems solve these inefficiencies by reversing warehouse logic: Instead of workers going to goods: 👉 Goods are...","Goods-to-Person CTU Warehouse: Replace Manual Picking Completely?","https://13asrs.com/case/goods-to-person-ctu-warehouse-replace-manual-picking-completely/","高","正文中发现 2 个与该案例主题一致的表达，优先选取最具体的一处。","是（由批准映射注入）"
"已应用","How Integrated ASRS Systems Increase Warehouse Throughput by Over 300%","https://13asrs.com/blog/how-integrated-asrs-systems-increase-warehouse-throughput-by-over-300/","Technology","integrated ASRS system","关键词组","An integrated ASRS system combines multiple automation technologies into one intelligent warehouse ecosystem. Intelligent Transpor...","Complete ASRS Workflow Case Study | AMR + RGV + Stacker Crane Integrated Warehouse Automation System","https://13asrs.com/case/complete-asrs-workflow-case-study-amr-rgv-stacker-crane-integrated-warehouse-automation-system/","高","正文原词与该案例的设备、行业或应用场景直接对应。","是（由批准映射注入）"
"已应用","How MES Controls Labeling and Traceability in Reel & Tray Packaging Systems？","https://13asrs.com/blog/how-mes-controls-labeling-and-traceability-in-reel-tray-packaging-systems/","Summary","Reel & Tray packaging","长尾词/短句","...le in controlling labeling accuracy, packaging instructions, batch tracking, and quality verification in Reel & Tray packaging automation systems. This article explains how MES integrates with automated packaging lines to eliminate...","Fully Automatic Reel & Tray Vacuum Packaging Line | MES Integrated Aluminum Bag Packing System with Labeling & Traceability","https://13asrs.com/case/fully-automatic-reel-tray-vacuum-packaging-line-with-mes-integration-and-smart-traceability-system/","高","正文中发现 2 个与该案例主题一致的表达，优先选取最具体的一处。","是（由批准映射注入）"
"已应用","How MES Controls Labeling and Traceability in Reel & Tray Packaging Systems？","https://13asrs.com/blog/how-mes-controls-labeling-and-traceability-in-reel-tray-packaging-systems/","Summary","packaging automation","关键词组","...lling labeling accuracy, packaging instructions, batch tracking, and quality verification in Reel & Tray packaging automation systems. This article explains how MES integrates with automated packaging lines to eliminate human erro...","Complete Cartoning & Case Packing Line for Pharmaceutical, Beauty, Health & Daily Care Industries","https://13asrs.com/case/complete-cartoning-case-packing-line-for-pharmaceutical-beauty-health-daily-care-industries/","中","正文原词与该案例的设备、行业或应用场景直接对应。","是（由批准映射注入）"
"已应用","How Much Does a 33 ACR + 18 AMR Automated Warehouse Cost in 2026?","https://13asrs.com/blog/how-much-does-a-33-acr-18-amr-automated-warehouse-cost-in-2026/","Summary","warehouse automation systems","关键词组","...is article breaks down the real cost structure, ROI expectations, and hidden expenses behind modern ASRS warehouse automation systems.","ASRS Warehouse Industry Applications Case Study | How Manufacturing, E-commerce, Pharma & Food Industries Benefit from Automated Storage Systems","https://13asrs.com/case/asrs-warehouse-industry-applications-case-study-how-manufacturing-e-commerce-pharma-food-industries-benefit-from-automated-storage-systems/","高","正文中发现 3 个与该案例主题一致的表达，优先选取最具体的一处。","是（由批准映射注入）"
"已应用","How Much Does a 33 ACR + 18 AMR Automated Warehouse Cost in 2026?","https://13asrs.com/blog/how-much-does-a-33-acr-18-amr-automated-warehouse-cost-in-2026/","Workflow & Layout","33 ACR + 18 AMR","长尾词/短句","A typical 33 ACR + 18 AMR warehouse operates through: Step 1: Inbound Receiving Goods are scanned, labeled, and assigned system id...","536 Bins/Hour Mega Warehouse Automation Case | 33 ACR + 18 AMR Intelligent ASRS System","https://13asrs.com/case/536-bins-hour-mega-warehouse-automation-case-33-acr-18-amr-intelligent-asrs-system/","高","正文原词与该案例的设备、行业或应用场景直接对应。","是（由批准映射注入）"
"已应用","How Much Does a Chemical Drum ASRS Warehouse Cost ?","https://13asrs.com/blog/how-much-does-a-chemical-drum-asrs-warehouse-cost/","Summary","chemical drum ASRS warehouse","长尾词/短句","...y regulations, high load requirements, and hazardous material handling standards. In 2026, the cost of a chemical drum ASRS warehouse using stacker crane technology typically ranges from $500,000 to $5,000,000, depending on automation lev...","Heavy-Duty ASRS for Chemical Drums: How Stacker Cranes Handle Extreme Loads","https://13asrs.com/case/heavy-duty-asrs-for-chemical-drums-how-stacker-cranes-handle-extreme-loads/","高","正文中发现 2 个与该案例主题一致的表达，优先选取最具体的一处。","是（由批准映射注入）"
"已应用","How Much Does a Chemical Drum ASRS Warehouse Cost ?","https://13asrs.com/blog/how-much-does-a-chemical-drum-asrs-warehouse-cost/","Summary","ASRS systems","关键词组","Chemical drum storage warehouses require specialized heavy-duty ASRS systems due to strict safety regulations, high load requirements, and hazardous material handling standards. In...","ASRS Warehouse Industry Applications Case Study | How Manufacturing, E-commerce, Pharma & Food Industries Benefit from Automated Storage Systems","https://13asrs.com/case/asrs-warehouse-industry-applications-case-study-how-manufacturing-e-commerce-pharma-food-industries-benefit-from-automated-storage-systems/","中","正文原词与该案例的设备、行业或应用场景直接对应。","是（由批准映射注入）"
"已应用","How Much Does a Complete ASRS Warehouse System Cost ?","https://13asrs.com/blog/how-much-does-a-complete-asrs-warehouse-system-cost/","Summary","ASRS warehouse system","关键词组","One of the first questions every warehouse automation buyer asks is: ""How much does a complete ASRS warehouse system actually cost?"" The answer depends on far more than the number of storage locations or warehouse size. A...","ASRS Warehouse Industry Applications Case Study | How Manufacturing, E-commerce, Pharma & Food Industries Benefit from Automated Storage Systems","https://13asrs.com/case/asrs-warehouse-industry-applications-case-study-how-manufacturing-e-commerce-pharma-food-industries-benefit-from-automated-storage-systems/","高","正文原词与该案例的设备、行业或应用场景直接对应。","是（由批准映射注入）"
"已应用","How Much Does a Complete Cartoning and Case Packing Line Cost in 2026?","https://13asrs.com/blog/how-much-does-a-complete-cartoning-and-case-packing-line-cost-in-2026/","Summary","complete cartoning and case packing line","长尾词/短句","...aging automation system in 2026? One of the most common questions manufacturers ask is: “How much does a complete cartoning and case packing line actually cost?” The answer depends on production speed, product type, automation level, software integra...","Complete Cartoning & Case Packing Line for Pharmaceutical, Beauty, Health & Daily Care Industries","https://13asrs.com/case/complete-cartoning-case-packing-line-for-pharmaceutical-beauty-health-daily-care-industries/","高","正文中发现 4 个与该案例主题一致的表达，优先选取最具体的一处。","是（由批准映射注入）"
"已应用","How Much Does a Complete EV Battery Production Line Cost? | Battery Factory Investment Guide","https://13asrs.com/blog/how-much-does-a-complete-ev-battery-production-line-cost-battery-factory-investment-guide/","Summary","complete lithium battery production line","长尾词/短句","...on Quality requirements Integration complexity This article explains the key investment factors behind a complete lithium battery production line and how companies can evaluate the right automation strategy before starting a battery factory project.","Complete EV Battery Production Line | Turnkey Lithium Battery Smart Factory Automation Solution","https://13asrs.com/case/complete-ev-battery-production-line-turnkey-lithium-battery-smart-factory-automation-solution/","高","正文中发现 4 个与该案例主题一致的表达，优先选取最具体的一处。","是（由批准映射注入）"
"已应用","How Much Does a CTU Goods-to-Person Warehouse Cost in 2026?","https://13asrs.com/blog/how-much-does-a-ctu-goods-to-person-warehouse-cost-in-2026/","Technology","CTU Goods-to-Person warehouse","关键词组","A CTU Goods-to-Person warehouse system typically includes: CTU robotic shuttle units High-density storage rack system Picking workstatio...","Goods-to-Person CTU Warehouse: Replace Manual Picking Completely?","https://13asrs.com/case/goods-to-person-ctu-warehouse-replace-manual-picking-completely/","高","正文中发现 6 个与该案例主题一致的表达，优先选取最具体的一处。","是（由批准映射注入）"
"已应用","How Much Does a CTU Goods-to-Person Warehouse Cost in 2026?","https://13asrs.com/blog/how-much-does-a-ctu-goods-to-person-warehouse-cost-in-2026/","Body","High SKU warehouses","关键词组","...ability by Industry Best suited for: E-commerce fulfillment Pharmaceutical distribution Retail logistics High SKU warehouses 5️⃣ Long-Term Cost Advantage Compared to manual warehouses: Lower labor dependency Stable operational co...","4-Aisle Mini Load ASRS Warehouse | High SKU Automated Storage and Goods-to-Person Picking Solution","https://13asrs.com/case/4-aisle-mini-load-asrs-warehouse-high-sku-automated-storage-and-goods-to-person-picking-solution/","中","正文原词与该案例的设备、行业或应用场景直接对应。","是（由批准映射注入）"
"已应用","How Much Does a Fully Automatic Reel & Tray Packaging Line Cost? | Semiconductor & Electronics Vacuum Packaging System Pricing Guide?","https://13asrs.com/blog/how-much-does-a-fully-automatic-reel-tray-packaging-line-cost-semiconductor-electronics-vacuum-packaging-system-pricing-guide/","Summary","Reel & Tray packaging line","长尾词/短句","The cost of a fully automatic Reel & Tray packaging line depends on automation level, MES integration, vacuum sealing system design, and production speed require...","Fully Automatic Reel & Tray Vacuum Packaging Line | MES Integrated Aluminum Bag Packing System with Labeling & Traceability","https://13asrs.com/case/fully-automatic-reel-tray-vacuum-packaging-line-with-mes-integration-and-smart-traceability-system/","高","正文中发现 3 个与该案例主题一致的表达，优先选取最具体的一处。","是（由批准映射注入）"
"已应用","How Much Does a Mini Load ASRS Warehouse Cost? | Investment Guide for High SKU Warehouses","https://13asrs.com/blog/how-much-does-a-mini-load-asrs-warehouse-cost-investment-guide-for-high-sku-warehouses/","Summary","mini load ASRS warehouse","长尾词/短句","For companies managing thousands of SKUs, investing in a mini load ASRS warehouse is often driven by one critical question: How much automation investment is required, and what business...","4-Aisle Mini Load ASRS Warehouse | High SKU Automated Storage and Goods-to-Person Picking Solution","https://13asrs.com/case/4-aisle-mini-load-asrs-warehouse-high-sku-automated-storage-and-goods-to-person-picking-solution/","高","正文中发现 4 个与该案例主题一致的表达，优先选取最具体的一处。","是（由批准映射注入）"
"已应用","How to Design a 200 Reel/Hour High-Speed Electronics Packaging Line？","https://13asrs.com/blog/how-to-design-a-200-reel-hour-high-speed-electronics-packaging-line/","Body","Reel & Tray packaging line","长尾词/短句","...ion to high-speed parallel processing architectures. This project focuses on designing a fully automated Reel & Tray packaging line capable of achieving 200 units per hour throughput while maintaining vacuum sealing integrity, MES trace...","Fully Automatic Reel & Tray Vacuum Packaging Line | MES Integrated Aluminum Bag Packing System with Labeling & Traceability","https://13asrs.com/case/fully-automatic-reel-tray-vacuum-packaging-line-with-mes-integration-and-smart-traceability-system/","高","正文中发现 4 个与该案例主题一致的表达，优先选取最具体的一处。","是（由批准映射注入）"
"已应用","How to Design a Complete ASRS Warehouse Workflow with AMR, RGV & Stacker Cranes","https://13asrs.com/blog/how-to-design-a-complete-asrs-warehouse-workflow-with-amr-rgv-stacker-cranes/","Results & ROI","ASRS systems","关键词组","...educe manual handling forklift traffic and repetitive labor. ⑤ Faster Return on Investment Well-designed ASRS systems typically achieve ROI within 18–36 months through labor savings increased productivity and improved inve...","ASRS Warehouse Industry Applications Case Study | How Manufacturing, E-commerce, Pharma & Food Industries Benefit from Automated Storage Systems","https://13asrs.com/case/asrs-warehouse-industry-applications-case-study-how-manufacturing-e-commerce-pharma-food-industries-benefit-from-automated-storage-systems/","中","正文原词与该案例的设备、行业或应用场景直接对应。","是（由批准映射注入）"
"已应用","How to Design a Complete Packaging Line for Pharmaceutical Products","https://13asrs.com/blog/how-to-design-a-complete-packaging-line-for-pharmaceutical-products/","Summary","pharmaceutical packaging line","关键词组","Designing a pharmaceutical packaging line is not simply about selecting machines. A successful packaging system must balance production efficiency...","Complete Cartoning & Case Packing Line for Pharmaceutical, Beauty, Health & Daily Care Industries","https://13asrs.com/case/complete-cartoning-case-packing-line-for-pharmaceutical-beauty-health-daily-care-industries/","中","正文原词与该案例的设备、行业或应用场景直接对应。","是（由批准映射注入）"
"已应用","How to Design a High-Efficiency Aluminum Profile Extrusion Factory Layout? (Industry Guide 2026)","https://13asrs.com/blog/how-to-design-a-high-efficiency-aluminum-profile-extrusion-factory-layout-industry-guide-2026/","Summary","aluminum extrusion factory layout","长尾词/短句","This guide explains how to design a high-efficiency aluminum extrusion factory layout for modern smart manufacturing environments. It covers workflow planning, equipment arrangement, materia...","Aluminum Profile Extrusion Production Line Case Study | Fully Automated Smart Manufacturing System for Industrial Aluminum Processing","https://13asrs.com/case/aluminum-profile-extrusion-production-line-case-study-fully-automated-smart-manufacturing-system-for-industrial-aluminum-processing/","高","正文原词与该案例的设备、行业或应用场景直接对应。","是（由批准映射注入）"
"已应用","How to Design a High-Throughput ASRS Warehouse with ACR and AMR Robots","https://13asrs.com/blog/how-to-design-a-high-throughput-asrs-warehouse-with-acr-and-amr-robots/","Technology","ASRS warehouse design","关键词组","A modern ASRS warehouse design typically includes: ACR robot storage & retrieval system AMR autonomous transport system High-density ra...","ASRS Warehouse Industry Applications Case Study | How Manufacturing, E-commerce, Pharma & Food Industries Benefit from Automated Storage Systems","https://13asrs.com/case/asrs-warehouse-industry-applications-case-study-how-manufacturing-e-commerce-pharma-food-industries-benefit-from-automated-storage-systems/","高","正文中发现 2 个与该案例主题一致的表达，优先选取最具体的一处。","是（由批准映射注入）"
"已应用","How to Design a Safe Chemical Storage Warehouse with Stacker Crane ASRS System","https://13asrs.com/blog/how-to-design-a-safe-chemical-storage-warehouse-with-stacker-crane-asrs-system/","Technology","stacker crane ASRS system","长尾词/短句","A modern chemical ASRS warehouse design typically includes: Heavy-duty stacker crane ASRS system Hazardous chemical zoning architecture Explosion-proof electrical & control systems Reinforced drum pall...","Heavy-Duty ASRS for Chemical Drums: How Stacker Cranes Handle Extreme Loads","https://13asrs.com/case/heavy-duty-asrs-for-chemical-drums-how-stacker-cranes-handle-extreme-loads/","高","正文原词与该案例的设备、行业或应用场景直接对应。","是（由批准映射注入）"
"已应用","How to Design a Safe Chemical Storage Warehouse with Stacker Crane ASRS System","https://13asrs.com/blog/how-to-design-a-safe-chemical-storage-warehouse-with-stacker-crane-asrs-system/","Technology","ASRS warehouse design","关键词组","A modern chemical ASRS warehouse design typically includes: Heavy-duty stacker crane ASRS system Hazardous chemical zoning architecture Explosio...","ASRS Warehouse Industry Applications Case Study | How Manufacturing, E-commerce, Pharma & Food Industries Benefit from Automated Storage Systems","https://13asrs.com/case/asrs-warehouse-industry-applications-case-study-how-manufacturing-e-commerce-pharma-food-industries-benefit-from-automated-storage-systems/","中","正文原词与该案例的设备、行业或应用场景直接对应。","是（由批准映射注入）"
"已应用","How to Design an Automated Warehouse for Thousands of SKUs?","https://13asrs.com/blog/how-to-design-an-automated-warehouse-for-thousands-of-skus/","Technology","Mini Load ASRS","关键词组","Automated Warehouse Design with Mini Load ASRS Key technologies: ASRS storage Conveyor transportation Sorting Picking automation WMS integration","4-Aisle Mini Load ASRS Warehouse | High SKU Automated Storage and Goods-to-Person Picking Solution","https://13asrs.com/case/4-aisle-mini-load-asrs-warehouse-high-sku-automated-storage-and-goods-to-person-picking-solution/","中","正文原词与该案例的设备、行业或应用场景直接对应。","是（由批准映射注入）"
"已应用","How to Plan a Lithium Battery Factory From Zero? | Complete Battery Factory Layout Guide","https://13asrs.com/blog/how-to-plan-a-lithium-battery-factory-from-zero-complete-battery-factory-layout-guide/","Workflow & Layout","Battery Factory Layout","关键词组","Complete Lithium Battery Factory Layout Planning Process Phase 1: Factory Requirement Analysis The engineering team evaluates: Product Requireme...","Complete EV Battery Production Line | Turnkey Lithium Battery Smart Factory Automation Solution","https://13asrs.com/case/complete-ev-battery-production-line-turnkey-lithium-battery-smart-factory-automation-solution/","高","正文中发现 2 个与该案例主题一致的表达，优先选取最具体的一处。","是（由批准映射注入）"
"已应用","How to Plan a Lithium Battery Factory From Zero? | Complete Battery Factory Layout Guide","https://13asrs.com/blog/how-to-plan-a-lithium-battery-factory-from-zero-complete-battery-factory-layout-guide/","Summary","lithium battery manufacturing","关键词组","...ctric vehicles, energy storage systems, and industrial electrification has created increasing demand for lithium battery manufacturing capacity. However, building a battery factory is not simply about purchasing production equipment. A suc...","Industrial Coating Machine Applications Case Study | Medical Devices, Electronics, Lithium Batteries, Packaging, Textile & Semiconductor Manufacturing","https://13asrs.com/case/industrial-coating-machine-applications-case-study-medical-devices-electronics-lithium-batteries-packaging-textile-semiconductor-manufacturing/","高","正文中发现 2 个与该案例主题一致的表达，优先选取最具体的一处。","是（由批准映射注入）"
"已应用","How WMS + MES Integration Powers Real-Time Smart Warehouse Operations","https://13asrs.com/blog/how-wms-mes-integration-powers-real-time-smart-warehouse-operations/","Solution","ASRS systems","关键词组","...warehouse 8.2 Dynamic inventory allocation based on production demand 8.3 Automated task generation for ASRS systems 8.4 AI-based scheduling for logistics optimization 8.5 Synchronized production and warehouse operations...","ASRS Warehouse Industry Applications Case Study | How Manufacturing, E-commerce, Pharma & Food Industries Benefit from Automated Storage Systems","https://13asrs.com/case/asrs-warehouse-industry-applications-case-study-how-manufacturing-e-commerce-pharma-food-industries-benefit-from-automated-storage-systems/","中","正文原词与该案例的设备、行业或应用场景直接对应。","是（由批准映射注入）"
"已应用","Industry 4.0 in Motor Manufacturing: How Smart Assembly Lines Are Shaping the Future of Production","https://13asrs.com/blog/industry-4-0-in-motor-manufacturing-how-smart-assembly-lines-are-shaping-the-future-of-production/","Summary","smart assembly lines","关键词组","...twins and AI-powered vision inspection to predictive maintenance and fully traceable production systems, smart assembly lines are redefining what is possible in electric motor production. This article explores the key technologies...","Fully Automated Motor Assembly Line – Complete Industrial Case Study","https://13asrs.com/case/fully-automated-motor-assembly-line-complete-industrial-case-study/","高","正文中发现 4 个与该案例主题一致的表达，优先选取最具体的一处。","是（由批准映射注入）"
"已应用","Is a 33 ACR + 18 AMR Automated Warehouse Worth the Investment?","https://13asrs.com/blog/is-a-33-acr-18-amr-automated-warehouse-worth-the-investment/","Technology","ASRS warehouse system","关键词组","A full-scale ASRS warehouse system typically includes: 33 ACR (Autonomous Case/Rack Robots) 18 AMR (Autonomous Mobile Robots) High-density...","ASRS Warehouse Industry Applications Case Study | How Manufacturing, E-commerce, Pharma & Food Industries Benefit from Automated Storage Systems","https://13asrs.com/case/asrs-warehouse-industry-applications-case-study-how-manufacturing-e-commerce-pharma-food-industries-benefit-from-automated-storage-systems/","高","正文中发现 3 个与该案例主题一致的表达，优先选取最具体的一处。","是（由批准映射注入）"
"已应用","Is a 33 ACR + 18 AMR Automated Warehouse Worth the Investment?","https://13asrs.com/blog/is-a-33-acr-18-amr-automated-warehouse-worth-the-investment/","Summary","33 ACR + 18 AMR","长尾词/短句","Investing in a 33 ACR + 18 AMR automated warehouse system is a strategic decision that goes far beyond equipment procurement. It direct...","536 Bins/Hour Mega Warehouse Automation Case | 33 ACR + 18 AMR Intelligent ASRS System","https://13asrs.com/case/536-bins-hour-mega-warehouse-automation-case-33-acr-18-amr-intelligent-asrs-system/","高","正文原词与该案例的设备、行业或应用场景直接对应。","是（由批准映射注入）"
"已应用","Is a Fully Automated ASRS Warehouse Worth the Investment? ROI, Cost & Long-Term Benefits","https://13asrs.com/blog/is-a-fully-automated-asrs-warehouse-worth-the-investment-roi-cost-long-term-benefits/","Body","fully automated ASRS warehouse","长尾词/短句","Project Overview A fully automated ASRS warehouse is more than a collection of robots and storage equipment. It is a strategic investment that integrates...","ASRS Warehouse Industry Applications Case Study | How Manufacturing, E-commerce, Pharma & Food Industries Benefit from Automated Storage Systems","https://13asrs.com/case/asrs-warehouse-industry-applications-case-study-how-manufacturing-e-commerce-pharma-food-industries-benefit-from-automated-storage-systems/","高","正文原词与该案例的设备、行业或应用场景直接对应。","是（由批准映射注入）"
"已应用","Manual Chemical Warehouse vs Automated ASRS: Which One Is More Cost Efficient?","https://13asrs.com/blog/manual-chemical-warehouse-vs-automated-asrs-which-one-is-more-cost-efficient/","Summary","Automated Storage and Retrieval Systems","长尾词/短句","...er safety regulations, and rising efficiency demands, many companies are shifting toward automated ASRS (Automated Storage and Retrieval Systems). This article provides a deep comparison between manual forklift-based chemical warehouses and automate...","ASRS Warehouse Industry Applications Case Study | How Manufacturing, E-commerce, Pharma & Food Industries Benefit from Automated Storage Systems","https://13asrs.com/case/asrs-warehouse-industry-applications-case-study-how-manufacturing-e-commerce-pharma-food-industries-benefit-from-automated-storage-systems/","高","正文中发现 2 个与该案例主题一致的表达，优先选取最具体的一处。","是（由批准映射注入）"
"已应用","Manual Chemical Warehouse vs Automated ASRS: Which One Is More Cost Efficient?","https://13asrs.com/blog/manual-chemical-warehouse-vs-automated-asrs-which-one-is-more-cost-efficient/","Equipment List","Stacker crane ASRS system","长尾词/短句","...fts Manual racking systems Basic inventory tracking tools Safety equipment for operators ASRS Warehouse: Stacker crane ASRS system Reinforced racking system Conveyor transfer systems WMS/WCS software SCADA monitoring platform Safety se...","Heavy-Duty ASRS for Chemical Drums: How Stacker Cranes Handle Extreme Loads","https://13asrs.com/case/heavy-duty-asrs-for-chemical-drums-how-stacker-cranes-handle-extreme-loads/","高","正文中发现 2 个与该案例主题一致的表达，优先选取最具体的一处。","是（由批准映射注入）"
"已应用","Manual Packaging vs Automated Cartoning Systems: Which Saves More Money?","https://13asrs.com/blog/manual-packaging-vs-automated-cartoning-systems-which-saves-more-money/","Summary","automated cartoning systems","关键词组","...nning production upgrades ask the same question: Should we continue using manual packaging, or invest in automated cartoning systems? Manual operations may appear less expensive at the beginning because of lower equipment investment. How...","Complete Cartoning & Case Packing Line for Pharmaceutical, Beauty, Health & Daily Care Industries","https://13asrs.com/case/complete-cartoning-case-packing-line-for-pharmaceutical-beauty-health-daily-care-industries/","高","正文中发现 2 个与该案例主题一致的表达，优先选取最具体的一处。","是（由批准映射注入）"
"已应用","Manual Picking vs Goods-to-Person ASRS | Which Warehouse Model Is More Profitable?","https://13asrs.com/blog/manual-picking-vs-goods-to-person-asrs-which-warehouse-model-is-more-profitable/","Body","High SKU warehouses","关键词组","...e: Picking errors Slow fulfillment Space inefficiency Key Points Automation improves worker productivity High SKU warehouses benefit most Goods-to-person reduces unnecessary movement Implementation & Workflow Analyze picking proc...","4-Aisle Mini Load ASRS Warehouse | High SKU Automated Storage and Goods-to-Person Picking Solution","https://13asrs.com/case/4-aisle-mini-load-asrs-warehouse-high-sku-automated-storage-and-goods-to-person-picking-solution/","高","正文中发现 2 个与该案例主题一致的表达，优先选取最具体的一处。","是（由批准映射注入）"
"已应用","Manual vs Automated Aluminum Extrusion Line: Which One Is More Efficient and Profitable?","https://13asrs.com/blog/manual-vs-automated-aluminum-extrusion-line-which-one-is-more-efficient-and-profitable/","Technology","automated extrusion line","关键词组","Industrial extrusion process automation system Manual extrusion production workflow PLC-controlled automated extrusion line CNC cutting and handling systems Automated quenching and cooling system Servo straightening and traction...","Aluminum Profile Extrusion Production Line Case Study | Fully Automated Smart Manufacturing System for Industrial Aluminum Processing","https://13asrs.com/case/aluminum-profile-extrusion-production-line-case-study-fully-automated-smart-manufacturing-system-for-industrial-aluminum-processing/","中","正文原词与该案例的设备、行业或应用场景直接对应。","是（由批准映射注入）"
"已应用","Manual vs Automated Tomato Processing Line: Which Production System Delivers Better ROI?","https://13asrs.com/blog/manual-vs-automated-tomato-processing-line-which-production-system-delivers-better-roi/","Summary","automated tomato processing","关键词组","This article compares manual and fully automated tomato processing lines in terms of cost, efficiency, labor requirement, food safety, production stability, and long-term...","Tomato Paste & Canned Tomato Production Line | Fully Automated Food Processing, Filling, Packaging & ASRS System","https://13asrs.com/case/tomato-paste-canned-tomato-production-line-fully-automated-food-processing-filling-packaging-asrs-system/","高","正文中发现 2 个与该案例主题一致的表达，优先选取最具体的一处。","是（由批准映射注入）"
"已应用","Medical Device Coating Technology: Improving Biocompatibility and Drug Delivery Performance","https://13asrs.com/blog/medical-device-coating-technology-improving-biocompatibility-and-drug-delivery-performance/","Summary","Medical device coating","关键词组","Medical device coating technology plays a critical role in modern healthcare by enhancing the performance, safety, and effectiv...","Industrial Coating Machine Applications Case Study | Medical Devices, Electronics, Lithium Batteries, Packaging, Textile & Semiconductor Manufacturing","https://13asrs.com/case/industrial-coating-machine-applications-case-study-medical-devices-electronics-lithium-batteries-packaging-textile-semiconductor-manufacturing/","高","正文中发现 2 个与该案例主题一致的表达，优先选取最具体的一处。","是（由批准映射注入）"
"已应用","Mini Load ASRS vs Shuttle System | Which Solution Fits High SKU Warehouses Better?","https://13asrs.com/blog/mini-load-asrs-vs-shuttle-system-which-solution-fits-high-sku-warehouses-better/","Summary","Mini Load ASRS","关键词组","Choosing the right automated storage technology is a major decision for warehouse planners. Mini Load ASRS and Shuttle Systems both improve storage efficiency, but they serve different operational requirements....","4-Aisle Mini Load ASRS Warehouse | High SKU Automated Storage and Goods-to-Person Picking Solution","https://13asrs.com/case/4-aisle-mini-load-asrs-warehouse-high-sku-automated-storage-and-goods-to-person-picking-solution/","高","正文原词与该案例的设备、行业或应用场景直接对应。","是（由批准映射注入）"
"已应用","Optical Film Coating Explained: The Technology Behind LCD, OLED and Flexible Displays","https://13asrs.com/blog/optical-film-coating-explained-the-technology-behind-lcd-oled-and-flexible-displays/","Summary","optical film coating","关键词组","...layers, coating technology plays a fundamental role in display manufacturing. This article explores how optical film coating technology powers LCD, OLED, Mini-LED, Micro-LED, and next-generation flexible display production.","Industrial Coating Machine Applications Case Study | Medical Devices, Electronics, Lithium Batteries, Packaging, Textile & Semiconductor Manufacturing","https://13asrs.com/case/industrial-coating-machine-applications-case-study-medical-devices-electronics-lithium-batteries-packaging-textile-semiconductor-manufacturing/","高","正文中发现 2 个与该案例主题一致的表达，优先选取最具体的一处。","是（由批准映射注入）"
"已应用","Paper Cup Machine Cost Guide: Investment, ROI and Factory Planning","https://13asrs.com/blog/paper-cup-machine-cost-guide-investment-roi-and-factory-planning/","Summary","fully automatic paper cup production line","长尾词/短句","...vel, production capacity, inspection systems, packaging integration, and factory layout design. A modern fully automatic paper cup production line is not just a machine—it is a complete manufacturing system integrating forming, inspection, sterilizati...","Fully Automatic Paper Cup Production Line | Intelligent Cup Forming, Inspection, Sterilization and Packaging System","https://13asrs.com/case/fully-automatic-paper-cup-production-line-intelligent-cup-forming-inspection-sterilization-and-packaging-system/","高","正文中发现 4 个与该案例主题一致的表达，优先选取最具体的一处。","是（由批准映射注入）"
"已应用","Paper Cup Manufacturing Process Explained: From Paper Roll to Finished Cup","https://13asrs.com/blog/paper-cup-manufacturing-process-explained-from-paper-roll-to-finished-cup/","Summary","paper cup manufacturing","关键词组","...production is highly automated and requires precise coordination between multiple technologies. Today's paper cup manufacturing systems integrate material feeding, cup body forming, bottom sealing, rim curling, inspection, steriliza...","Fully Automatic Paper Cup Production Line | Intelligent Cup Forming, Inspection, Sterilization and Packaging System","https://13asrs.com/case/fully-automatic-paper-cup-production-line-intelligent-cup-forming-inspection-sterilization-and-packaging-system/","高","正文原词与该案例的设备、行业或应用场景直接对应。","是（由批准映射注入）"
"已应用","Pharmaceutical Warehouse Automation with ASRS: Ensuring 99.9% Inventory Accuracy and Full Traceability","https://13asrs.com/blog/pharmaceutical-warehouse-automation-with-asrs-ensuring-99-9-inventory-accuracy-and-full-traceability/","Summary","Automated Storage and Retrieval Systems","长尾词/短句","...aceability, and environmental control due to strict regulatory compliance and product sensitivity. ASRS (Automated Storage and Retrieval Systems) provides a fully controlled, automated, and traceable storage environment that eliminates human error w...","ASRS Warehouse Industry Applications Case Study | How Manufacturing, E-commerce, Pharma & Food Industries Benefit from Automated Storage Systems","https://13asrs.com/case/asrs-warehouse-industry-applications-case-study-how-manufacturing-e-commerce-pharma-food-industries-benefit-from-automated-storage-systems/","高","正文中发现 2 个与该案例主题一致的表达，优先选取最具体的一处。","是（由批准映射注入）"
"已应用","ROI Analysis of an Automated Motor Assembly Line: Labor Savings, Quality Improvement, and Payback Period","https://13asrs.com/blog/roi-analysis-of-an-automated-motor-assembly-line-labor-savings-quality-improvement-and-payback-period/","Technology","motor assembly line","关键词组","...ty valued at USD 10.48 billion in 2025 and projected to grow at a 6.62% CAGR through 2032. The automatic motor assembly line market specifically was valued at USD 5.22 billion in 2025 and is projected to reach USD 7.56 billion by...","Fully Automated Motor Assembly Line – Complete Industrial Case Study","https://13asrs.com/case/fully-automated-motor-assembly-line-complete-industrial-case-study/","高","正文中发现 2 个与该案例主题一致的表达，优先选取最具体的一处。","是（由批准映射注入）"
"已应用","Roll-to-Roll Coating Technology: The Foundation of High-Speed Industrial Manufacturing","https://13asrs.com/blog/roll-to-roll-coating-technology-the-foundation-of-high-speed-industrial-manufacturing/","Solution","Roll-to-Roll coating technology","关键词组","Roll-to-Roll coating technology addresses these challenges through continuous manufacturing. Key Solutions： Uninterrupted production flo...","Industrial Coating Machine Applications Case Study | Medical Devices, Electronics, Lithium Batteries, Packaging, Textile & Semiconductor Manufacturing","https://13asrs.com/case/industrial-coating-machine-applications-case-study-medical-devices-electronics-lithium-batteries-packaging-textile-semiconductor-manufacturing/","高","正文原词与该案例的设备、行业或应用场景直接对应。","是（由批准映射注入）"
"已应用","Smart Aluminum Factory: How IoT and Automation Improve Extrusion Production Efficiency","https://13asrs.com/blog/smart-aluminum-factory-how-iot-and-automation-improve-extrusion-production-efficiency/","Technology","aluminum extrusion production line","长尾词/短句","...al control systems AI-driven production optimization engine Real-time sensor monitoring system Automated aluminum extrusion production line MES / ERP integrated manufacturing system Predictive maintenance algorithms Digital twin simulation syst...","Aluminum Profile Extrusion Production Line Case Study | Fully Automated Smart Manufacturing System for Industrial Aluminum Processing","https://13asrs.com/case/aluminum-profile-extrusion-production-line-case-study-fully-automated-smart-manufacturing-system-for-industrial-aluminum-processing/","高","正文中发现 2 个与该案例主题一致的表达，优先选取最具体的一处。","是（由批准映射注入）"
"已应用","Smart Food Factory: How IoT and Automation Improve Tomato Processing Efficiency","https://13asrs.com/blog/smart-food-factory-how-iot-and-automation-improve-tomato-processing-efficiency/","Technology","Automated tomato processing","关键词组","...production execution system AI-based production optimization engine Real-time sensor monitoring network Automated tomato processing line integration Predictive maintenance system Digital twin factory simulation Cloud-based production da...","Tomato Paste & Canned Tomato Production Line | Fully Automated Food Processing, Filling, Packaging & ASRS System","https://13asrs.com/case/tomato-paste-canned-tomato-production-line-fully-automated-food-processing-filling-packaging-asrs-system/","高","正文中发现 2 个与该案例主题一致的表达，优先选取最具体的一处。","是（由批准映射注入）"
"已应用","Smart Logistics System Design: How AI and ASRS Integration Create Zero-Delay Warehouse Operations","https://13asrs.com/blog/smart-logistics-system-design-how-ai-and-asrs-integration-create-zero-delay-warehouse-operations/","Summary","ASRS automation","关键词组","This article explains how smart logistics system design integrates AI warehouse scheduling and ASRS automation systems to achieve zero-delay warehouse operations. It covers system architecture, automation logic, rea...","ASRS Warehouse Industry Applications Case Study | How Manufacturing, E-commerce, Pharma & Food Industries Benefit from Automated Storage Systems","https://13asrs.com/case/asrs-warehouse-industry-applications-case-study-how-manufacturing-e-commerce-pharma-food-industries-benefit-from-automated-storage-systems/","中","正文原词与该案例的设备、行业或应用场景直接对应。","是（由批准映射注入）"
"已应用","Smart Warehouse Case Study: How 129,000 Storage Locations Transform Supply Chain Efficiency","https://13asrs.com/blog/smart-warehouse-case-study-how-129-000-storage-locations-transform-supply-chain-efficiency/","Summary","129,000 storage locations","关键词组","This case study explains a large-scale ASRS smart warehouse system with 129,000 storage locations, showing how automation transforms supply chain efficiency through inbound/outbound optimization, high-d...","Mega ASRS Warehouse Case Study | 12,000㎡ System with 50,000 Storage Locations & 1,000 Tasks/Hour","https://13asrs.com/case/mega-asrs-warehouse-case-study-12-000-system-with-50-000-storage-locations-1-000-tasks-hour/","高","正文原词与该案例的设备、行业或应用场景直接对应。","是（由批准映射注入）"
"已应用","Smart Warehouse Case Study: How 129,000 Storage Locations Transform Supply Chain Efficiency","https://13asrs.com/blog/smart-warehouse-case-study-how-129-000-storage-locations-transform-supply-chain-efficiency/","Solution","Goods-to-person picking stations","关键词组","...coordination 8.4 WMS + AI real-time inventory management 8.5 Automated outbound sorting and dispatch 8.6 Goods-to-person picking stations 8.7 Factory–warehouse integrated workflow 8.8 Digital supply chain optimization engine","4-Aisle Mini Load ASRS Warehouse | High SKU Automated Storage and Goods-to-Person Picking Solution","https://13asrs.com/case/4-aisle-mini-load-asrs-warehouse-high-sku-automated-storage-and-goods-to-person-picking-solution/","中","正文原词与该案例的设备、行业或应用场景直接对应。","是（由批准映射注入）"
"已应用","Stacker Crane vs Forklift: Which Is Safer for Chemical Drum Handling?","https://13asrs.com/blog/stacker-crane-vs-forklift-which-is-safer-for-chemical-drum-handling/","Technology","Stacker Crane ASRS System","长尾词/短句","...m: Human-operated forklifts Manual pallet handling On-floor navigation Operator-dependent safety control Stacker Crane ASRS System: Automated stacker crane handling WMS/WCS controlled movement Fixed rail-based navigation Sensor-driven...","Heavy-Duty ASRS for Chemical Drums: How Stacker Cranes Handle Extreme Loads","https://13asrs.com/case/heavy-duty-asrs-for-chemical-drums-how-stacker-cranes-handle-extreme-loads/","高","正文中发现 2 个与该案例主题一致的表达，优先选取最具体的一处。","是（由批准映射注入）"
"已应用","Tomato Paste, Juice, Sauce, and Canned Food Production Lines: Which Processing System Fits Your Factory?","https://13asrs.com/blog/tomato-paste-juice-sauce-and-canned-food-production-lines-which-processing-system-fits-your-factory/","Body","tomato processing systems","关键词组","Project Overview 12.1 Different tomato processing systems serve different product markets 12.2 Choosing the right system determines factory profitability 12.3 Mod...","Tomato Paste & Canned Tomato Production Line | Fully Automated Food Processing, Filling, Packaging & ASRS System","https://13asrs.com/case/tomato-paste-canned-tomato-production-line-fully-automated-food-processing-filling-packaging-asrs-system/","高","正文中发现 2 个与该案例主题一致的表达，优先选取最具体的一处。","是（由批准映射注入）"
"已应用","Tomato Processing Plant Cost Guide 2026: How Much Does a Fully Automated Production Line Cost?","https://13asrs.com/blog/tomato-processing-plant-cost-guide-2026-how-much-does-a-fully-automated-production-line-cost/","Summary","automated tomato processing","关键词组","This article provides a detailed cost breakdown of building a fully automated tomato processing plant, including equipment investment, factory setup, automation systems, and long-term operational cost...","Tomato Paste & Canned Tomato Production Line | Fully Automated Food Processing, Filling, Packaging & ASRS System","https://13asrs.com/case/tomato-paste-canned-tomato-production-line-fully-automated-food-processing-filling-packaging-asrs-system/","高","正文中发现 2 个与该案例主题一致的表达，优先选取最具体的一处。","是（由批准映射注入）"
"已应用","Top 20 Equipment Required for a Complete Lithium Battery Production Line | EV Battery Factory Equipment Guide","https://13asrs.com/blog/top-20-equipment-required-for-a-complete-lithium-battery-production-line-ev-battery-factory-equipment-guide/","Summary","complete lithium battery production line","长尾词/短句","...e most important investment decisions. This article explains the 20 key equipment systems required for a complete lithium battery production line, including their functions, applications, and importance in modern smart battery manufacturing. The solu...","Complete EV Battery Production Line | Turnkey Lithium Battery Smart Factory Automation Solution","https://13asrs.com/case/complete-ev-battery-production-line-turnkey-lithium-battery-smart-factory-automation-solution/","高","正文中发现 4 个与该案例主题一致的表达，优先选取最具体的一处。","是（由批准映射注入）"
"已应用","Top 20 Equipment Required for a Complete Lithium Battery Production Line | EV Battery Factory Equipment Guide","https://13asrs.com/blog/top-20-equipment-required-for-a-complete-lithium-battery-production-line-ev-battery-factory-equipment-guide/","Body","lithium battery manufacturing","关键词组","...equipment Automation integration ASRS intelligent warehouse solutions Whether you are investing in a new lithium battery manufacturing plant or upgrading an existing production facility, our team can help evaluate your requirements and dev...","Industrial Coating Machine Applications Case Study | Medical Devices, Electronics, Lithium Batteries, Packaging, Textile & Semiconductor Manufacturing","https://13asrs.com/case/industrial-coating-machine-applications-case-study-medical-devices-electronics-lithium-batteries-packaging-textile-semiconductor-manufacturing/","高","正文中发现 2 个与该案例主题一致的表达，优先选取最具体的一处。","是（由批准映射注入）"
"已应用","Top 5 Warehouse Problems Solved by CTU Goods-to-Person Automation","https://13asrs.com/blog/top-5-warehouse-problems-solved-by-ctu-goods-to-person-automation/","Technology","CTU Goods-to-Person system","关键词组","A CTU Goods-to-Person system typically includes: CTU robotic shuttle units High-density storage rack system Picking workstation modul...","Goods-to-Person CTU Warehouse: Replace Manual Picking Completely?","https://13asrs.com/case/goods-to-person-ctu-warehouse-replace-manual-picking-completely/","高","正文中发现 4 个与该案例主题一致的表达，优先选取最具体的一处。","是（由批准映射注入）"
"已应用","Top 5 Warehouse Problems Solved by CTU Goods-to-Person Automation","https://13asrs.com/blog/top-5-warehouse-problems-solved-by-ctu-goods-to-person-automation/","Equipment List","Goods-to-person picking stations","关键词组","Core Hardware： CTU robotic shuttle system High-density storage racks Goods-to-person picking stations Conveyor/buffer systems Software Systems： WMS warehouse management system WCS control system SCADA monit...","4-Aisle Mini Load ASRS Warehouse | High SKU Automated Storage and Goods-to-Person Picking Solution","https://13asrs.com/case/4-aisle-mini-load-asrs-warehouse-high-sku-automated-storage-and-goods-to-person-picking-solution/","中","正文原词与该案例的设备、行业或应用场景直接对应。","是（由批准映射注入）"
"已应用","UV Sterilization in Paper Cup Production: Why Hygiene Matters in Food Packaging","https://13asrs.com/blog/uv-sterilization-in-paper-cup-production-why-hygiene-matters-in-food-packaging/","Body","paper cup production line","长尾词/短句","...ation will remain a core component of intelligent paper cup manufacturing systems. If you are planning a paper cup production line or upgrading your hygiene control system, our engineering team can help design a customized UV steriliza...","Fully Automatic Paper Cup Production Line | Intelligent Cup Forming, Inspection, Sterilization and Packaging System","https://13asrs.com/case/fully-automatic-paper-cup-production-line-intelligent-cup-forming-inspection-sterilization-and-packaging-system/","高","正文中发现 2 个与该案例主题一致的表达，优先选取最具体的一处。","是（由批准映射注入）"
"已应用","Vision Inspection Systems in Paper Cup Manufacturing: How Defect Detection Improves Product Quality","https://13asrs.com/blog/vision-inspection-systems-in-paper-cup-manufacturing-how-defect-detection-improves-product-quality/","Body","paper cup production line","长尾词/短句","...become essential for maintaining competitiveness in the global packaging industry. If you are planning a paper cup production line or upgrading your quality control system, our engineering team can help design a customized vision inspe...","Fully Automatic Paper Cup Production Line | Intelligent Cup Forming, Inspection, Sterilization and Packaging System","https://13asrs.com/case/fully-automatic-paper-cup-production-line-intelligent-cup-forming-inspection-sterilization-and-packaging-system/","高","正文中发现 2 个与该案例主题一致的表达，优先选取最具体的一处。","是（由批准映射注入）"
"已应用","Vision Inspection vs Manual Quality Control: Which One Delivers Better Results for Motor Assembly?","https://13asrs.com/blog/vision-inspection-vs-manual-quality-control-which-one-delivers-better-results-for-motor-assembly/","Summary","motor assembly","关键词组","Quality control in motor assembly has traditionally relied on manual visual inspection, a method that is inherently subjective, inconsiste...","Fully Automated Motor Assembly Line – Complete Industrial Case Study","https://13asrs.com/case/fully-automated-motor-assembly-line-complete-industrial-case-study/","高","正文原词与该案例的设备、行业或应用场景直接对应。","是（由批准映射注入）"
"已应用","Warehouse Automation Architecture Explained: How WMS, WCS, AMR, RGV and ASRS Work Together","https://13asrs.com/blog/warehouse-automation-architecture-explained-how-wms-wcs-amr-rgv-and-asrs-work-together/","Summary","ASRS systems","关键词组","...trol Systems (WCS), Programmable Logic Controllers (PLC), SCADA platforms, AMRs, RGVs, and Stacker Crane ASRS systems interact to create a highly efficient, scalable, and intelligent warehouse. Whether you are designing a...","ASRS Warehouse Industry Applications Case Study | How Manufacturing, E-commerce, Pharma & Food Industries Benefit from Automated Storage Systems","https://13asrs.com/case/asrs-warehouse-industry-applications-case-study-how-manufacturing-e-commerce-pharma-food-industries-benefit-from-automated-storage-systems/","中","正文原词与该案例的设备、行业或应用场景直接对应。","是（由批准映射注入）"
"已应用","Warehouse Automation Case Study: How a Mega ASRS System Reduced Labor and Increased Efficiency by 65%","https://13asrs.com/blog/warehouse-automation-case-study-how-a-mega-asrs-system-reduced-labor-and-increased-efficiency-by-65/","Summary","warehouse automation system","关键词组","This case study explains how a mega-scale ASRS warehouse automation system significantly reduced labor dependency while increasing operational efficiency by 65%. It demonstrates h...","ASRS Warehouse Industry Applications Case Study | How Manufacturing, E-commerce, Pharma & Food Industries Benefit from Automated Storage Systems","https://13asrs.com/case/asrs-warehouse-industry-applications-case-study-how-manufacturing-e-commerce-pharma-food-industries-benefit-from-automated-storage-systems/","中","正文原词与该案例的设备、行业或应用场景直接对应。","是（由批准映射注入）"
"已应用","Warehouse Automation for Chemical Industry: ROI, Cost & Safety Analysis","https://13asrs.com/blog/warehouse-automation-for-chemical-industry-roi-cost-safety-analysis/","Summary","warehouse automation systems","关键词组","...full ROI, CAPEX vs OPEX breakdown, labor savings model, and safety cost reduction analysis for chemical warehouse automation systems, especially stacker crane ASRS-based solutions. The goal is to help decision-makers evaluate whether aut...","ASRS Warehouse Industry Applications Case Study | How Manufacturing, E-commerce, Pharma & Food Industries Benefit from Automated Storage Systems","https://13asrs.com/case/asrs-warehouse-industry-applications-case-study-how-manufacturing-e-commerce-pharma-food-industries-benefit-from-automated-storage-systems/","高","正文中发现 3 个与该案例主题一致的表达，优先选取最具体的一处。","是（由批准映射注入）"
"已应用","Warehouse Automation for Chemical Industry: ROI, Cost & Safety Analysis","https://13asrs.com/blog/warehouse-automation-for-chemical-industry-roi-cost-safety-analysis/","Technology","stacker crane ASRS system","长尾词/短句","A modern chemical warehouse automation system typically includes: Heavy-duty stacker crane ASRS system WMS (Warehouse Management System) WCS (Warehouse Control System) SCADA real-time monitoring platform Rei...","Heavy-Duty ASRS for Chemical Drums: How Stacker Cranes Handle Extreme Loads","https://13asrs.com/case/heavy-duty-asrs-for-chemical-drums-how-stacker-cranes-handle-extreme-loads/","高","正文原词与该案例的设备、行业或应用场景直接对应。","是（由批准映射注入）"
"已应用","What Is a Mega ASRS Warehouse? System Structure, Cost & Real Project Breakdown (50,000 Storage Locations Explained)","https://13asrs.com/blog/what-is-a-mega-asrs-warehouse-system-structure-cost-real-project-breakdown-50-000-storage-locations-explained/","Summary","Mega ASRS warehouse","关键词组","A Mega ASRS warehouse is a large-scale automated storage system designed to manage massive SKU volumes with ultra-high density...","Mega ASRS Warehouse Case Study | 12,000㎡ System with 50,000 Storage Locations & 1,000 Tasks/Hour","https://13asrs.com/case/mega-asrs-warehouse-case-study-12-000-system-with-50-000-storage-locations-1-000-tasks-hour/","高","正文原词与该案例的设备、行业或应用场景直接对应。","是（由批准映射注入）"
"已应用","What Is Reel & Tray Packaging Automation in Electronics Manufacturing?","https://13asrs.com/blog/what-is-reel-tray-packaging-automation-in-electronics-manufacturing/","Summary","Reel & Tray packaging","长尾词/短句","Reel & Tray packaging automation is a critical system in modern electronics manufacturing that enables fully automated handlin...","Fully Automatic Reel & Tray Vacuum Packaging Line | MES Integrated Aluminum Bag Packing System with Labeling & Traceability","https://13asrs.com/case/fully-automatic-reel-tray-vacuum-packaging-line-with-mes-integration-and-smart-traceability-system/","高","正文原词与该案例的设备、行业或应用场景直接对应。","是（由批准映射注入）"
"已应用","What Is Reel & Tray Packaging Automation in Electronics Manufacturing?","https://13asrs.com/blog/what-is-reel-tray-packaging-automation-in-electronics-manufacturing/","Summary","packaging automation","关键词组","Reel & Tray packaging automation is a critical system in modern electronics manufacturing that enables fully automated handling, labeling...","Complete Cartoning & Case Packing Line for Pharmaceutical, Beauty, Health & Daily Care Industries","https://13asrs.com/case/complete-cartoning-case-packing-line-for-pharmaceutical-beauty-health-daily-care-industries/","高","正文原词与该案例的设备、行业或应用场景直接对应。","是（由批准映射注入）"
"已应用","What Is the Difference Between ACR, AMR, and ASRS Systems in Modern Warehouses?","https://13asrs.com/blog/what-is-the-difference-between-acr-amr-and-asrs-systems-in-modern-warehouses/","Summary","warehouse automation systems","关键词组","Modern warehouse automation systems are often described using three key terms: ACR, AMR, and ASRS. However, these terms do not represent com...","ASRS Warehouse Industry Applications Case Study | How Manufacturing, E-commerce, Pharma & Food Industries Benefit from Automated Storage Systems","https://13asrs.com/case/asrs-warehouse-industry-applications-case-study-how-manufacturing-e-commerce-pharma-food-industries-benefit-from-automated-storage-systems/","高","正文中发现 2 个与该案例主题一致的表达，优先选取最具体的一处。","是（由批准映射注入）"
"已应用","What Is the Difference Between ACR, AMR, and ASRS Systems in Modern Warehouses?","https://13asrs.com/blog/what-is-the-difference-between-acr-amr-and-asrs-systems-in-modern-warehouses/","Body","33 ACR + 18 AMR","长尾词/短句","...Higher throughput Better scalability Reduced bottlenecks Balanced cost-performance structure 👉 Example: 33 ACR + 18 AMR mega warehouse system Implementation & Workflow Phase 1: System Requirement Analysis (2–3 weeks) Warehou...","536 Bins/Hour Mega Warehouse Automation Case | 33 ACR + 18 AMR Intelligent ASRS System","https://13asrs.com/case/536-bins-hour-mega-warehouse-automation-case-33-acr-18-amr-intelligent-asrs-system/","高","正文原词与该案例的设备、行业或应用场景直接对应。","是（由批准映射注入）"
"已应用","What Machines Are Needed in an Aluminum Extrusion Production Line? Complete Equipment Breakdown","https://13asrs.com/blog/what-machines-are-needed-in-an-aluminum-extrusion-production-line-complete-equipment-breakdown/","Summary","aluminum extrusion production line","长尾词/短句","This article provides a complete breakdown of all essential machines required in an aluminum extrusion production line, from raw material heating to final cutting, inspection, and packaging. It helps manufacturers understan...","Aluminum Profile Extrusion Production Line Case Study | Fully Automated Smart Manufacturing System for Industrial Aluminum Processing","https://13asrs.com/case/aluminum-profile-extrusion-production-line-case-study-fully-automated-smart-manufacturing-system-for-industrial-aluminum-processing/","高","正文原词与该案例的设备、行业或应用场景直接对应。","是（由批准映射注入）"
"已应用","What Machines Are Required in a Tomato Paste Production Line? Complete Equipment Breakdown","https://13asrs.com/blog/what-machines-are-required-in-a-tomato-paste-production-line-complete-equipment-breakdown/","Summary","tomato paste production line","长尾词/短句","This article provides a complete breakdown of all machines required in a fully automated tomato paste production line, from raw tomato receiving to washing, pulping, sterilization, filling, packaging, and warehouse storage...","Tomato Paste & Canned Tomato Production Line | Fully Automated Food Processing, Filling, Packaging & ASRS System","https://13asrs.com/case/tomato-paste-canned-tomato-production-line-fully-automated-food-processing-filling-packaging-asrs-system/","高","正文中发现 2 个与该案例主题一致的表达，优先选取最具体的一处。","是（由批准映射注入）"
"已应用","What Should You Consider Before Investing in an Automated Packaging Line","https://13asrs.com/blog/what-should-you-consider-before-investing-in-an-automated-packaging-line/","Summary","automated packaging line","关键词组","Investing in an automated packaging line is not simply a machine purchase. It is a long-term manufacturing decision that affects production effic...","Complete Cartoning & Case Packing Line for Pharmaceutical, Beauty, Health & Daily Care Industries","https://13asrs.com/case/complete-cartoning-case-packing-line-for-pharmaceutical-beauty-health-daily-care-industries/","高","正文中发现 2 个与该案例主题一致的表达，优先选取最具体的一处。","是（由批准映射注入）"
"已应用","Why Stacker Crane ASRS Is the Best Solution for Hazardous Material Storage","https://13asrs.com/blog/why-stacker-crane-asrs-is-the-best-solution-for-hazardous-material-storage/","Technology","stacker crane ASRS system","长尾词/短句","A hazardous material stacker crane ASRS system typically includes: Heavy-duty stacker crane automation system Explosion-proof electrical and control in...","Heavy-Duty ASRS for Chemical Drums: How Stacker Cranes Handle Extreme Loads","https://13asrs.com/case/heavy-duty-asrs-for-chemical-drums-how-stacker-cranes-handle-extreme-loads/","高","正文中发现 2 个与该案例主题一致的表达，优先选取最具体的一处。","是（由批准映射注入）"
"已应用","Why Stacker Crane ASRS Is the Best Solution for Hazardous Material Storage","https://13asrs.com/blog/why-stacker-crane-asrs-is-the-best-solution-for-hazardous-material-storage/","Solution","ASRS systems","关键词组","Stacker crane ASRS systems eliminate manual handling in hazardous zones by creating a fully automated, closed-loop warehouse enviro...","ASRS Warehouse Industry Applications Case Study | How Manufacturing, E-commerce, Pharma & Food Industries Benefit from Automated Storage Systems","https://13asrs.com/case/asrs-warehouse-industry-applications-case-study-how-manufacturing-e-commerce-pharma-food-industries-benefit-from-automated-storage-systems/","中","正文原词与该案例的设备、行业或应用场景直接对应。","是（由批准映射注入）"
"已应用","Why Vacuum Packaging Is Critical for Electronics Manufacturing？","https://13asrs.com/blog/why-vacuum-packaging-is-critical-for-electronics-manufacturing/","Body","Reel & Tray packaging","长尾词/短句","...s Reduced labor costImproved packaging consistencyFull traceabilityHigher product reliability Conclusion Reel & Tray packaging automation is becoming a standard requirement in modern electronics manufacturing. Contact us for system...","Fully Automatic Reel & Tray Vacuum Packaging Line | MES Integrated Aluminum Bag Packing System with Labeling & Traceability","https://13asrs.com/case/fully-automatic-reel-tray-vacuum-packaging-line-with-mes-integration-and-smart-traceability-system/","高","正文中发现 2 个与该案例主题一致的表达，优先选取最具体的一处。","是（由批准映射注入）"
"已应用","Why Vacuum Packaging Is Critical for Electronics Manufacturing？","https://13asrs.com/blog/why-vacuum-packaging-is-critical-for-electronics-manufacturing/","Solution","automated packaging line","关键词组","The system integrates vacuum sealing, desiccant insertion, and humidity monitoring into a fully automated packaging line. This ensures consistent moisture protection and eliminates human error.","Complete Cartoning & Case Packing Line for Pharmaceutical, Beauty, Health & Daily Care Industries","https://13asrs.com/case/complete-cartoning-case-packing-line-for-pharmaceutical-beauty-health-daily-care-industries/","高","正文中发现 2 个与该案例主题一致的表达，优先选取最具体的一处。","是（由批准映射注入）"
"已应用","Why Vacuum Seal Failure Happens in Reel and Tray Packaging and How to Prevent It in High-Precision Electronics Manufacturing Lines？","https://13asrs.com/blog/why-vacuum-seal-failure-happens-in-reel-and-tray-packaging-and-how-to-prevent-it-in-high-precision-electronics-manufacturing-lines/","Summary","Reel and Tray packaging","长尾词/短句","Vacuum sealing failure is one of the most critical quality risks in Reel and Tray packaging for semiconductor, LED, and precision electronics manufacturing. A single sealing defect can lead to moi...","Fully Automatic Reel & Tray Vacuum Packaging Line | MES Integrated Aluminum Bag Packing System with Labeling & Traceability","https://13asrs.com/case/fully-automatic-reel-tray-vacuum-packaging-line-with-mes-integration-and-smart-traceability-system/","高","正文中发现 3 个与该案例主题一致的表达，优先选取最具体的一处。","是（由批准映射注入）"
